brand_name,model,price,5G_or_not,processor_brand,num_cores,processor_speed,battery_capacity,fast_charging_available,ram_capacity,internal_memory,screen_size,refresh_rate,num_rear_cameras,os,primary_camera_rear,primary_camera_front,extended_memory_available,resolution_height,resolution_width,screen_resolution,ppi
apple,Apple iPhone 11,38999,0,bionic,6.0,2.65,3110,0,4,64,6.1,60,2,ios,12.0,12.0,0,1792,828,1483776,323.613699324913
apple,Apple iPhone 11 (128GB),46999,0,bionic,6.0,2.65,3110,0,4,128,6.1,60,2,ios,12.0,12.0,0,1792,828,1483776,323.613699324913
apple,Apple iPhone 11 Pro Max,109900,0,bionic,6.0,2.65,3969,1,4,64,6.5,60,3,ios,12.0,12.0,0,2688,1242,3338496,455.54851520353134
apple,Apple iPhone 12,51999,1,bionic,6.0,3.1,2815,0,4,64,6.1,60,2,ios,12.0,12.0,0,2532,1170,2962440,457.2543463119592
apple,Apple iPhone 12 (128GB),55999,1,bionic,6.0,3.1,2815,0,4,128,6.1,60,2,ios,12.0,12.0,0,2532,1170,2962440,457.2543463119592
apple,Apple iPhone 12 (256GB),67999,1,bionic,6.0,3.1,2815,0,4,256,6.1,60,2,ios,12.0,12.0,0,2532,1170,2962440,457.2543463119592
apple,Apple iPhone 12 Mini,40999,1,bionic,6.0,3.1,2227,0,4,64,5.4,60,2,ios,12.0,12.0,0,2340,1080,2527200,477.26070210921176
apple,Apple iPhone 12 Mini (128GB),45999,1,bionic,6.0,3.1,2227,0,4,128,5.4,60,2,ios,12.0,12.0,0,2340,1080,2527200,477.26070210921176
apple,Apple iPhone 12 Mini (256GB),55999,1,bionic,6.0,3.1,2227,0,4,256,5.4,60,2,ios,12.0,12.0,0,2340,1080,2527200,477.26070210921176
apple,Apple iPhone 12 Pro (256GB),119900,1,bionic,6.0,3.1,2815,0,6,256,6.1,60,3,ios,12.0,12.0,0,2532,1170,2962440,457.2543463119592
apple,Apple iPhone 12 Pro (512GB),139900,1,bionic,6.0,3.1,2815,0,6,512,6.1,60,3,ios,12.0,12.0,0,2532,1170,2962440,457.2543463119592
apple,Apple iPhone 13,62999,1,bionic,6.0,3.22,3240,1,4,128,6.1,60,2,ios,12.0,12.0,0,2532,1170,2962440,457.2543463119592
apple,Apple iPhone 13 (256GB),72999,1,bionic,6.0,3.22,3240,1,4,256,6.1,60,2,ios,12.0,12.0,0,2532,1170,2962440,457.2543463119592
apple,Apple iPhone 13 (512GB),91999,1,bionic,6.0,3.22,3240,1,4,512,6.1,60,2,ios,12.0,12.0,0,2532,1170,2962440,457.2543463119592
apple,Apple iPhone 13 Mini,64900,1,bionic,6.0,3.22,2438,1,4,128,5.4,60,2,ios,12.0,12.0,0,2340,1080,2527200,477.26070210921176
apple,Apple iPhone 13 Pro,119900,1,bionic,6.0,3.22,3095,1,6,128,6.1,120,3,ios,12.0,12.0,0,2532,1170,2962440,457.2543463119592
apple,Apple iPhone 13 Pro (1TB),147900,1,bionic,6.0,3.22,3095,1,6,1024,6.1,120,3,ios,12.0,12.0,0,2532,1170,2962440,457.2543463119592
apple,Apple iPhone 13 Pro (256GB),129900,1,bionic,6.0,3.22,3095,1,6,256,6.1,120,3,ios,12.0,12.0,0,2532,1170,2962440,457.2543463119592
apple,Apple iPhone 13 Pro Max,129900,1,bionic,6.0,3.22,4352,1,6,128,6.7,120,3,ios,12.0,12.0,0,2778,1284,3566952,456.7734819486999
apple,Apple iPhone 13 Pro Max (1TB),179900,1,bionic,6.0,3.22,4352,1,6,1024,6.7,120,3,ios,12.0,12.0,0,2778,1284,3566952,456.7734819486999
apple,Apple iPhone 13 Pro Max (256GB),139900,1,bionic,6.0,3.22,4352,1,6,256,6.7,120,3,ios,12.0,12.0,0,2778,1284,3566952,456.7734819486999
apple,Apple iPhone 14,65999,1,bionic,6.0,3.22,3279,1,6,128,6.1,60,2,ios,12.0,12.0,0,2532,1170,2962440,457.2543463119592
apple,Apple iPhone 14 (256GB),75999,1,bionic,6.0,3.22,3279,1,6,256,6.1,60,2,ios,12.0,12.0,0,2532,1170,2962440,457.2543463119592
apple,Apple iPhone 14 (512GB),95999,1,bionic,6.0,3.22,3279,1,6,512,6.1,60,2,ios,12.0,12.0,0,2532,1170,2962440,457.2543463119592
apple,Apple iPhone 14 Mini,69990,0,bionic,6.0,3.22,3500,1,6,128,5.42,60,2,ios,12.0,12.0,0,2340,1080,2527200,475.4995925073328
apple,Apple iPhone 14 Plus,74999,1,bionic,6.0,3.22,4325,1,6,128,6.7,60,2,ios,12.0,12.0,0,2778,1284,3566952,456.7734819486999
apple,Apple iPhone 14 Plus (256GB),84999,1,bionic,6.0,3.22,4325,1,6,256,6.7,60,2,ios,12.0,12.0,0,2778,1284,3566952,456.7734819486999
apple,Apple iPhone 14 Plus (512GB),104999,1,bionic,6.0,3.22,4325,1,6,512,6.7,60,2,ios,12.0,12.0,0,2778,1284,3566952,456.7734819486999
apple,Apple iPhone 14 Pro,119990,1,bionic,6.0,3.5,3200,1,6,128,6.1,120,3,ios,48.0,12.0,0,2556,1179,3013524,461.4448931470025
apple,Apple iPhone 14 Pro (1TB),172999,1,bionic,6.0,3.5,3200,1,6,1024,6.1,120,3,ios,48.0,12.0,0,2556,1179,3013524,461.4448931470025
apple,Apple iPhone 14 Pro (256GB),129990,1,bionic,6.0,3.5,3200,1,6,256,6.1,120,3,ios,48.0,12.0,0,2556,1179,3013524,461.4448931470025
apple,Apple iPhone 14 Pro Max,129990,1,bionic,6.0,3.5,4323,1,6,128,6.7,120,3,ios,48.0,12.0,0,2796,1290,3606840,459.5879875379156
apple,Apple iPhone 14 Pro Max (1TB),182999,1,bionic,6.0,3.5,4323,1,6,1024,6.7,120,3,ios,48.0,12.0,0,2796,1290,3606840,459.5879875379156
apple,Apple iPhone 14 Pro Max (256GB),139990,1,bionic,6.0,3.5,4323,1,6,256,6.7,120,3,ios,48.0,12.0,0,2796,1290,3606840,459.5879875379156
apple,Apple iPhone 14 Pro Max (512GB),169900,1,bionic,6.0,3.5,4323,1,6,512,6.7,120,3,ios,48.0,12.0,0,2796,1290,3606840,459.5879875379156
apple,Apple iPhone 15,82990,0,bionic,6.0,3.5,3285,1,6,128,6.06,60,2,ios,50.0,13.0,0,2532,1170,2962440,460.27252681566847
apple,Apple iPhone 15 Plus,84990,1,bionic,6.0,3.5,4532,1,8,128,6.71,120,2,ios,12.0,12.0,0,2778,1284,3566952,456.09274650615345
apple,Apple iPhone 15 Pro,130990,1,bionic,6.0,3.8,3650,0,8,128,6.06,120,3,ios,50.0,12.0,0,2532,1170,2962440,460.27252681566847
apple,Apple iPhone 15 Pro Max,142990,1,bionic,,3.8,4352,1,8,256,6.68,120,3,ios,50.0,12.0,0,2778,1284,3566952,458.14106722399544
apple,Apple iPhone 7s,52990,0,fusion,4.0,2.37,2230,0,3,32,4.7,60,1,ios,13.0,7.0,0,1334,750,1000500,325.6122832234166
apple,Apple iPhone 9,29990,0,bionic,6.0,2.65,2050,1,3,64,4.7,60,1,ios,12.0,7.0,0,1334,750,1000500,325.6122832234166
apple,Apple iPhone SE 2020,39900,0,bionic,6.0,2.65,1821,1,3,64,4.7,60,1,ios,12.0,7.0,0,1334,750,1000500,325.6122832234166
apple,Apple iPhone SE 3 2022,43900,1,bionic,6.0,3.22,2018,0,4,64,4.7,60,1,ios,12.0,7.0,0,1334,750,1000500,325.6122832234166
apple,Apple iPhone SE 4,49990,1,bionic,6.0,3.22,3279,0,4,64,6.1,60,1,ios,12.0,11.0,0,1580,750,1185000,286.71657805239056
apple,Apple iPhone XR2,71999,0,bionic,6.0,2.5,3060,1,4,64,6.1,60,2,ios,12.0,7.0,0,1792,828,1483776,323.613699324913
google,Google Pixel 2 XL,15990,0,snapdragon,8.0,2.35,3520,1,4,128,6.0,60,1,android,12.2,8.0,0,2880,1440,4147200,536.6563145999495
google,Google Pixel 3a XL,15999,0,snapdragon,8.0,2.0,3700,1,4,64,6.0,60,1,android,12.2,8.0,0,2160,1080,2332800,402.49223594996215
google,Google Pixel 4,20120,0,snapdragon,8.0,2.8,2800,1,6,64,5.7,60,2,android,16.0,8.0,0,2280,1080,2462400,442.60623245533975
google,Google Pixel 5,36000,1,snapdragon,8.0,2.4,4080,1,8,128,6.0,90,2,android,16.0,8.0,0,2340,1080,2527200,429.5346318982906
google,Google Pixel 5A,32999,1,snapdragon,8.0,2.4,4620,1,6,128,6.34,60,2,android,16.0,8.0,0,2400,1080,2592000,415.11127191409423
google,Google Pixel 6,40480,1,google,8.0,2.8,4614,1,8,128,6.4,90,2,android,50.0,8.0,0,2400,1080,2592000,411.2196037398995
google,Google Pixel 6 Pro,54300,1,google,8.0,2.8,5003,1,12,128,6.71,120,3,android,50.0,11.0,0,3120,1440,4492800,512.1128249159947
google,Google Pixel 6 Pro (12GB RAM + 256GB),79700,1,google,8.0,2.8,5003,1,12,256,6.71,120,3,android,50.0,11.0,0,3120,1440,4492800,512.1128249159947
google,Google Pixel 6A,29999,1,google,8.0,,4410,1,6,128,6.14,60,2,android,12.2,8.0,0,2400,1080,2592000,428.63281171585623
google,Google Pixel 7 5G,53100,1,google,8.0,2.85,4355,1,8,128,6.3,90,2,android,50.0,11.0,0,2400,1080,2592000,417.7468990373583
google,Google Pixel 7 Pro 5G,81999,1,google,8.0,2.85,5000,1,12,128,6.7,120,3,android,50.0,11.0,0,3120,1440,4492800,512.8771724158693
google,Google Pixel 7A,34990,1,google,8.0,,4410,1,6,128,6.1,90,2,android,12.2,8.0,0,2400,1080,2592000,431.44351867792744
google,Google Pixel 8,53990,1,google,8.0,,4830,1,8,128,6.6,120,2,android,50.0,10.0,0,2400,1080,2592000,398.7584036265693
google,Google Pixel 8 Pro,70990,1,google,8.0,,5000,1,12,256,6.73,120,3,android,50.0,12.0,0,3120,1440,4492800,510.59094430703186
honor,Honor 50,32990,1,snapdragon,8.0,2.4,4300,1,6,128,6.57,120,4,android,108.0,32.0,0,2340,1080,2527200,392.2690702267494
honor,Honor 60 SE 5G,24990,1,dimensity,8.0,2.0,4300,1,8,128,6.67,120,3,android,64.0,16.0,0,2340,1080,2527200,386.38797472110105
honor,Honor 70 5G,39990,1,snapdragon,8.0,2.5,4800,1,12,512,6.67,120,3,android,54.0,32.0,0,2400,1080,2592000,394.57353282389164
honor,Honor 70 5G (8GB RAM + 256GB),30990,1,snapdragon,8.0,2.5,4800,1,8,256,6.67,120,3,android,54.0,32.0,0,2400,1080,2592000,394.57353282389164
honor,Honor 80 Pro Plus,54990,1,snapdragon,8.0,3.0,4500,1,12,256,6.78,120,3,android,200.0,50.0,0,2652,1200,3182400,429.330334341274
honor,Honor Magic 4 Pro Plus 5G,94990,1,snapdragon,8.0,3.0,4600,1,12,512,6.76,120,4,android,50.0,13.0,0,2772,1344,3725568,455.7154286848961
honor,Honor Play 30,9999,1,snapdragon,8.0,2.2,5000,0,4,128,6.5,60,1,android,13.0,5.0,1,1600,720,1152000,269.92876553183146
honor,Honor X6,13999,0,helio,8.0,2.0,5000,1,4,64,6.5,60,3,android,50.0,5.0,1,1600,720,1152000,269.92876553183146
honor,Honor X7a,13999,0,helio,8.0,2.3,5000,1,6,128,6.75,90,4,android,50.0,8.0,1,1600,720,1152000,259.93140384546734
honor,Honor X8,16999,0,snapdragon,8.0,2.4,4000,1,6,128,6.7,90,4,android,64.0,16.0,0,2388,1080,2579040,391.1741838969842
honor,Honor X8 5G,14990,1,snapdragon,8.0,2.2,5000,1,6,128,6.5,60,3,android,48.0,8.0,1,1600,720,1152000,269.92876553183146
honor,Honor X9 5G,16999,1,snapdragon,8.0,2.2,4800,1,8,128,6.81,60,3,android,48.0,16.0,0,2388,1080,2579040,384.8556581659022
honor,Honor X9a,27999,1,snapdragon,8.0,2.2,5100,1,8,256,6.67,120,3,android,64.0,16.0,0,2400,1080,2592000,394.57353282389164
huawei,Huawei Honor 9N,10949,0,kirin,8.0,2.36,3000,0,4,64,5.84,60,2,android,13.0,16.0,1,2280,1080,2462400,431.99580907456107
huawei,Huawei Mate 30 RS Porsche Design,214990,1,kirin,8.0,2.86,4500,1,12,512,6.53,60,4,android,40.0,32.0,1,2400,1176,2822400,409.2855520929662
huawei,Huawei Mate 40 Pro 4G,69990,0,kirin,8.0,3.13,4400,1,8,128,6.76,90,3,other,50.0,13.0,1,2772,1344,3725568,455.7154286848961
huawei,Huawei Mate 50 Pro 5G,99990,1,kirin,8.0,3.13,4500,1,8,256,6.76,120,3,other,64.0,13.0,0,3200,1440,4608000,519.0937798689067
huawei,Huawei Mate 50 RS Porsche Design,239999,0,snapdragon,8.0,3.2,4700,1,12,512,6.74,120,3,other,50.0,13.0,1,2616,1212,3170592,427.7631018421589
huawei,Huawei Mate X,169000,1,kirin,8.0,2.86,4500,1,8,512,8.0,60,4,,48.0,,0,2480,2200,5456000,414.3971524998694
huawei,Huawei Mate Xs 2,162990,0,snapdragon,8.0,2.84,4600,1,8,512,7.8,120,3,,50.0,11.0,0,2480,2200,5456000,425.02272051268653
huawei,Huawei Nova 10,29990,0,snapdragon,8.0,2.4,4000,1,8,128,6.67,120,3,other,50.0,60.0,0,2400,1080,2592000,394.57353282389164
huawei,Huawei Nova 10 SE,23999,0,snapdragon,8.0,2.4,4500,1,8,256,6.67,90,3,android,108.0,16.0,1,2160,1080,2332800,362.0619813642838
huawei,Huawei Nova 7i,21990,0,kirin,8.0,2.2,4200,1,8,128,6.4,60,4,android,48.0,16.0,1,2340,1080,2527200,402.68871740464743
huawei,Huawei Nova 9,29990,0,snapdragon,8.0,2.4,4300,1,8,128,6.57,120,4,other,50.0,32.0,0,2340,1080,2527200,392.2690702267494
huawei,Huawei Nova 9 SE,19990,0,snapdragon,8.0,2.4,4000,1,8,128,6.78,90,4,android,108.0,16.0,1,2388,1080,2579040,386.5585593082292
huawei,Huawei Nova Y61,21990,0,,8.0,,5000,1,4,64,6.52,60,3,other,50.0,5.0,1,1600,720,1152000,269.1007631835743
huawei,Huawei Nova Y90,22990,0,snapdragon,8.0,2.4,5000,1,8,128,6.7,90,4,other,50.0,8.0,1,2388,1080,2579040,391.1741838969842
huawei,Huawei P40 Pro,82990,1,kirin,8.0,2.86,4200,1,8,256,6.58,90,4,android,50.0,32.0,1,2640,1200,3168000,440.71900207639777
huawei,Huawei P50 Pro 4G,60999,0,snapdragon,8.0,2.84,4360,1,8,256,6.6,120,4,other,50.0,13.0,1,2700,1288,3477600,453.2543279073665
infinix,Infinix Hot 11S,9690,0,helio,8.0,2.0,5000,0,4,64,6.78,90,3,android,50.0,8.0,1,2480,1080,2678400,398.961417408772
infinix,Infinix Hot 12,9999,0,helio,8.0,2.3,6000,1,4,64,6.82,90,3,android,50.0,8.0,1,1640,720,1180800,262.6230284720013
infinix,Infinix Hot 12 Play,8910,0,tiger,8.0,1.82,6000,1,4,64,6.82,90,2,android,13.0,8.0,1,720,1640,1180800,262.6230284720013
infinix,Infinix Hot 12 Pro,10850,0,tiger,8.0,2.0,5000,1,6,64,6.6,90,2,android,50.0,8.0,1,1612,720,1160640,267.49801540590414
infinix,Infinix Hot 12 Pro (8GB RAM+ 128GB),12340,0,tiger,8.0,2.0,5000,1,8,128,6.6,90,2,android,50.0,8.0,1,1612,720,1160640,267.49801540590414
infinix,Infinix Hot 20,17999,1,dimensity,8.0,2.4,5000,1,4,64,6.6,120,2,android,50.0,8.0,1,2408,1080,2600640,399.8640724050703
infinix,Infinix Hot 20 (6GB RAM+ 128GB),19999,1,dimensity,8.0,2.4,5000,1,6,128,6.6,120,2,android,50.0,8.0,1,2408,1080,2600640,399.8640724050703
infinix,Infinix Hot 20 Play,8999,0,helio,8.0,2.3,6000,1,4,64,6.82,90,2,android,13.0,8.0,1,1640,720,1180800,262.6230284720013
infinix,Infinix Hot 20i,9999,0,helio,8.0,2.0,5000,0,3,64,6.6,60,2,android,13.0,8.0,1,1612,720,1160640,267.49801540590414
infinix,Infinix Hot 20S,12999,0,helio,8.0,2.05,5000,1,8,128,6.78,60,2,android,50.0,8.0,1,2460,1080,2656800,396.2586403050993
infinix,Infinix Note 11 (6GB RAM + 128GB),12799,0,helio,8.0,2.0,5000,1,6,128,6.7,60,3,android,50.0,16.0,1,2400,1080,2592000,392.8067856619936
infinix,Infinix Note 11S (8GB RAM + 128GB),15999,0,helio,8.0,2.05,5000,1,8,128,6.95,120,3,android,50.0,16.0,1,2460,1080,2656800,386.5659829163415
infinix,Infinix Note 12,11700,0,helio,8.0,2.0,5000,1,4,64,6.7,60,3,android,50.0,16.0,1,1080,2400,2592000,392.8067856619936
infinix,Infinix Note 12 (6GB RAM + 128GB),12999,0,helio,8.0,2.0,5000,1,6,128,6.7,60,3,android,50.0,16.0,1,1080,2400,2592000,392.8067856619936
infinix,Infinix Note 12 (G96),16999,0,helio,8.0,2.05,5000,1,8,128,6.7,60,3,android,50.0,16.0,1,2400,1080,2592000,392.8067856619936
infinix,Infinix Note 12 5G,15999,1,dimensity,8.0,2.4,5000,1,6,64,6.7,60,3,android,50.0,16.0,1,2400,1080,2592000,392.8067856619936
infinix,Infinix Note 12 Pro,16900,0,helio,8.0,2.2,5000,1,8,256,6.7,60,3,android,108.0,16.0,1,2400,1080,2592000,392.8067856619936
infinix,Infinix Note 12 Pro 5G,18999,1,dimensity,8.0,2.4,5000,1,8,128,6.7,60,3,android,108.0,16.0,1,2400,1080,2592000,392.8067856619936
infinix,Infinix Note 12 Turbo,14999,0,helio,8.0,2.0,5000,1,8,128,6.7,60,3,android,50.0,16.0,1,1080,2400,2592000,392.8067856619936
infinix,Infinix Note 12 VIP,19999,0,helio,8.0,2.05,4500,1,8,128,6.7,120,3,android,108.0,16.0,1,2400,1080,2592000,392.8067856619936
infinix,Infinix Note 12i (2022),9999,0,helio,8.0,2.0,5000,1,4,64,6.7,60,3,android,50.0,8.0,1,2400,1080,2592000,392.8067856619936
infinix,Infinix Note 13 Pro,16999,0,helio,8.0,2.2,5000,1,6,128,6.91,60,4,android,108.0,16.0,1,2460,1080,2656800,388.80370206491654
infinix,Infinix Smart 6,7320,0,helio,4.0,2.0,5000,0,2,64,6.6,60,2,android,8.0,5.0,1,1600,720,1152000,265.83893575104617
infinix,Infinix Smart 6 HD,6999,0,helio,4.0,2.0,5000,0,2,32,6.6,60,2,android,8.0,5.0,1,1600,720,1152000,265.83893575104617
infinix,Infinix Smart 6 Plus,8299,0,helio,8.0,2.0,5000,0,3,64,6.82,60,2,android,8.0,5.0,1,1600,720,1152000,257.2634862106898
infinix,Infinix Zero 20,17999,0,helio,8.0,2.2,4500,1,8,128,6.7,90,3,android,108.0,60.0,1,2400,1080,2592000,392.8067856619936
infinix,Infinix Zero 5G 2023,19499,1,dimensity,8.0,2.6,5000,1,8,256,6.78,120,3,android,50.0,16.0,1,2460,1080,2656800,396.2586403050993
infinix,Infinix Zero Ultra,36999,1,dimensity,8.0,2.5,4500,1,8,256,6.8,120,3,android,200.0,32.0,1,2400,1080,2592000,387.03021528461136
infinix,Infinix Zero X Pro,21990,1,helio,8.0,2.05,4500,1,8,128,6.67,120,3,android,108.0,16.0,1,2400,1080,2592000,394.57353282389164
iqoo,iQOO 11 (16GB RAM + 256GB),64999,1,snapdragon,8.0,3.2,5000,1,16,256,6.78,144,3,android,50.0,16.0,0,3200,1440,4608000,517.5625297807978
iqoo,iQOO 11 5G,59999,1,snapdragon,8.0,3.2,5000,1,8,256,6.78,144,3,android,50.0,16.0,0,3200,1440,4608000,517.5625297807978
iqoo,iQOO 11 Pro 5G,58990,1,snapdragon,8.0,3.2,4700,1,8,256,6.78,144,3,android,50.0,16.0,0,3200,1440,4608000,517.5625297807978
iqoo,iQOO 7,24990,1,snapdragon,8.0,3.2,4400,1,8,128,6.62,120,3,android,48.0,16.0,0,2400,1080,2592000,397.5536954585132
iqoo,iQOO 7 (12GB RAM + 256GB),35990,1,snapdragon,8.0,3.2,4400,1,12,256,6.62,120,3,android,48.0,16.0,0,2400,1080,2592000,397.5536954585132
iqoo,iQOO 7 Legend,39990,1,snapdragon,8.0,2.84,4000,1,8,128,6.62,120,3,android,48.0,16.0,0,2400,1080,2592000,397.5536954585132
iqoo,iQOO 9 5G,34990,1,snapdragon,8.0,2.9,4350,1,8,128,6.56,120,3,android,48.0,16.0,0,2376,1080,2566080,397.85639181347983
iqoo,iQOO 9 5G (12GB RAM + 256GB),39990,1,snapdragon,8.0,2.9,4350,1,12,256,6.56,120,3,android,48.0,16.0,0,2376,1080,2566080,397.85639181347983
iqoo,iQOO 9 Pro 5G,59990,1,snapdragon,8.0,3.0,4700,1,8,256,6.78,120,3,android,50.0,16.0,0,3200,1440,4608000,517.5625297807978
iqoo,iQOO 9 SE 5G,30990,1,snapdragon,8.0,2.84,4500,1,8,128,6.62,120,3,android,48.0,16.0,0,2400,1080,2592000,397.5536954585132
iqoo,iQOO 9 SE 5G (12GB RAM + 256GB),34949,1,snapdragon,8.0,2.84,4500,1,12,256,6.62,120,3,android,48.0,16.0,0,2400,1080,2592000,397.5536954585132
iqoo,iQOO 9T 5G,47990,1,snapdragon,8.0,3.2,4700,1,8,128,6.78,120,3,android,50.0,16.0,0,2400,1080,2592000,388.1718973355984
iqoo,iQOO Neo 6 5G,28999,1,snapdragon,8.0,3.2,4700,1,8,128,6.62,120,3,android,64.0,16.0,0,2400,1080,2592000,397.5536954585132
iqoo,iQOO Neo 6 5G (12GB RAM + 256GB),33749,1,snapdragon,8.0,3.2,4700,1,12,256,6.62,120,3,android,64.0,16.0,0,2400,1080,2592000,397.5536954585132
iqoo,iQOO Neo 6 SE 5G,22990,1,snapdragon,8.0,3.2,4700,1,8,128,6.62,120,3,android,64.0,16.0,0,2400,1080,2592000,397.5536954585132
iqoo,iQOO Neo 7 5G,29999,1,dimensity,8.0,3.1,5000,1,8,128,6.78,120,3,android,64.0,16.0,0,2400,1080,2592000,388.1718973355984
iqoo,iQOO Neo 7 Racing Edition,32990,1,snapdragon,8.0,3.2,5000,1,8,256,6.78,120,3,android,50.0,16.0,0,2400,1080,2592000,388.1718973355984
iqoo,iQOO Neo 7 SE 5G,24990,1,dimensity,8.0,3.1,5000,1,8,128,6.78,120,3,android,64.0,16.0,0,2400,1080,2592000,388.1718973355984
iqoo,iQOO Z6 4G,14489,0,snapdragon,8.0,2.4,5000,1,4,128,6.44,120,3,android,50.0,16.0,1,2400,1080,2592000,408.66544471045916
iqoo,iQOO Z6 4G (6GB RAM + 128GB),15999,0,snapdragon,8.0,2.4,5000,1,6,128,6.44,120,3,android,50.0,16.0,1,2400,1080,2592000,408.66544471045916
iqoo,iQOO Z6 5G,15499,1,snapdragon,8.0,2.2,5000,1,4,128,6.58,120,3,android,50.0,16.0,1,2408,1080,2600640,401.07946472241093
iqoo,iQOO Z6 5G (6GB RAM + 128GB),16940,1,snapdragon,8.0,2.2,5000,1,6,128,6.58,120,3,android,50.0,16.0,1,2408,1080,2600640,401.07946472241093
iqoo,iQOO Z6 5G (8GB RAM + 128GB),18498,1,snapdragon,8.0,2.2,5000,1,8,128,6.58,120,3,android,50.0,16.0,1,2408,1080,2600640,401.07946472241093
iqoo,iQOO Z6 Lite (6GB RAM + 128GB),15499,1,snapdragon,8.0,2.0,5000,1,6,128,6.58,120,2,android,50.0,8.0,1,2408,1080,2600640,401.07946472241093
iqoo,iQOO Z6 Lite 5G,13989,1,snapdragon,8.0,2.0,5000,1,4,64,6.58,120,2,android,50.0,8.0,1,2408,1080,2600640,401.07946472241093
iqoo,iQOO Z6 Pro 5G,21788,1,snapdragon,8.0,2.4,4700,1,6,128,6.44,90,3,android,64.0,16.0,0,2404,1080,2596320,409.23193495914916
iqoo,iQOO Z6 Pro 5G (12GB RAM + 256GB),27999,1,snapdragon,8.0,2.4,4700,1,12,256,6.44,90,3,android,64.0,16.0,0,2404,1080,2596320,409.23193495914916
iqoo,iQOO Z6 Pro 5G (8GB RAM + 128GB),23399,1,snapdragon,8.0,2.4,4700,1,8,128,6.44,90,3,android,64.0,16.0,0,2404,1080,2596320,409.23193495914916
iqoo,iQOO Z7 5G,17999,1,snapdragon,8.0,2.2,4200,1,8,128,6.67,120,3,android,50.0,16.0,0,2400,1080,2592000,394.57353282389164
iqoo,iQOO Z7 Pro 5G,24999,1,snapdragon,8.0,2.36,5000,1,6,128,6.62,144,3,android,50.0,16.0,1,2412,1080,2604960,399.20741841715187
iqoo,iQOO Z8 5G,14999,1,snapdragon,8.0,2.2,5000,1,4,128,6.58,120,3,android,50.0,16.0,1,2412,1080,2604960,401.6342112342774
iqoo,iQOO Z9,19990,1,snapdragon,8.0,,5000,1,8,128,6.67,120,3,android,64.0,16.0,1,2412,1080,2604960,396.2148590587024
itel,Itel A23 Pro,3999,0,spreadtrum,4.0,1.4,2400,0,1,8,5.0,60,1,android,5.0,2.0,0,480,854,409920,195.93019164998537
itel,itel A23s,4787,0,spreadtrum,4.0,1.4,3020,0,2,32,5.0,60,1,android,2.0,,0,480,854,409920,195.93019164998537
itel,Itel A24 Pro,5990,0,unisoc,4.0,1.4,3020,0,2,32,5.0,60,1,android,2.0,0.0,1,480,854,409920,195.93019164998537
itel,itel A56,5490,0,,4.0,1.3,4000,0,1,16,6.0,60,2,android,8.0,5.0,1,1600,720,1152000,292.42282932615075
itel,itel P36,6490,0,spreadtrum,4.0,1.3,5000,0,1,16,6.5,60,2,android,8.0,8.0,0,720,1600,1152000,269.92876553183146
itel,itel S16,5990,0,unisoc,4.0,1.3,4000,0,1,16,6.5,60,3,android,8.0,8.0,1,720,1600,1152000,269.92876553183146
itel,itel S16 Pro,6990,0,,4.0,1.3,4000,0,2,32,6.6,60,3,android,8.0,8.0,1,720,1600,1152000,265.83893575104617
itel,itel Vision 1 (3GB RAM + 32GB),5890,0,unisoc,8.0,1.6,4000,0,3,32,6.09,60,2,android,8.0,5.0,1,720,1520,1094400,276.17466064536796
itel,itel Vision 3,6699,0,unisoc,8.0,1.6,5000,1,3,64,6.6,60,2,android,8.0,5.0,1,720,1612,1160640,267.49801540590414
itel,itel Vision 3 (2GB RAM + 32GB),5785,0,unisoc,8.0,1.6,5000,1,2,32,6.6,60,2,android,8.0,5.0,1,720,1612,1160640,267.49801540590414
motorola,Motorola Edge 20 Fusion 5G,18999,1,dimensity,8.0,2.4,5000,1,6,128,6.67,90,3,android,108.0,32.0,1,2400,1080,2592000,394.57353282389164
motorola,Motorola Edge 30 5G,22999,1,snapdragon,8.0,2.5,4020,1,6,128,6.5,144,3,android,50.0,32.0,0,2400,1080,2592000,404.89314829774725
motorola,Motorola Edge 30 5G (8GB RAM + 128GB),24999,1,snapdragon,8.0,2.5,4020,1,8,128,6.5,144,3,android,50.0,32.0,0,2400,1080,2592000,404.89314829774725
motorola,Motorola Edge 30 Fusion 5G,39999,1,snapdragon,8.0,2.9,4400,1,8,128,6.55,144,3,android,50.0,32.0,0,2400,1080,2592000,401.8023609061614
motorola,Motorola Edge 30 Pro 5G,34999,1,snapdragon,8.0,3.0,4800,1,8,128,6.7,144,3,android,50.0,60.0,0,2400,1080,2592000,392.8067856619936
motorola,Motorola Edge 30 Ultra,54999,1,snapdragon,8.0,3.2,4610,1,8,128,6.67,144,3,android,200.0,60.0,0,2400,1080,2592000,394.57353282389164
motorola,Motorola Edge 30 Ultra (12GB RAM + 256GB),59999,1,snapdragon,8.0,3.2,4610,1,12,256,6.67,144,3,android,200.0,60.0,0,2400,1080,2592000,394.57353282389164
motorola,Motorola Edge 40 5G,34999,1,snapdragon,8.0,2.36,4200,1,8,128,6.5,144,3,android,50.0,32.0,0,2412,1080,2604960,406.57740152639155
motorola,Motorola Edge 40 Fusion,42990,1,snapdragon,8.0,3.2,4500,1,8,128,6.67,144,3,android,50.0,32.0,0,2400,1080,2592000,394.57353282389164
motorola,Motorola Edge 40 Pro 5G,59990,1,snapdragon,8.0,3.2,4800,1,8,128,6.7,165,3,android,50.0,60.0,0,2460,1080,2656800,400.9900867565035
motorola,Motorola Edge Plus,57999,1,snapdragon,8.0,2.84,5000,1,12,256,6.7,90,3,android,108.0,25.0,0,2340,1080,2527200,384.65787931190204
motorola,Motorola Edge S,22490,1,snapdragon,8.0,3.2,5000,1,6,128,6.7,90,4,android,64.0,16.0,1,2520,1080,2721600,409.2057191210458
motorola,Motorola Moto E13,10499,0,tiger,8.0,2.0,5000,1,2,64,6.5,60,1,android,13.0,5.0,1,1600,720,1152000,269.92876553183146
motorola,Motorola Moto E22s,9022,0,helio,8.0,2.3,5000,1,4,64,6.5,90,2,android,16.0,8.0,1,1600,720,1152000,269.92876553183146
motorola,Motorola Moto E32,8999,0,helio,8.0,2.3,5000,1,4,64,6.5,90,2,android,50.0,8.0,1,1600,720,1152000,269.92876553183146
motorola,Motorola Moto E32s,7990,0,helio,8.0,1.8,5000,1,3,32,6.5,90,3,android,16.0,8.0,1,1600,720,1152000,269.92876553183146
motorola,Motorola Moto E32s (4GB RAM + 64GB),8859,0,helio,8.0,1.8,5000,1,4,64,6.5,90,3,android,16.0,8.0,1,1600,720,1152000,269.92876553183146
motorola,Motorola Moto E40,7999,0,tiger,8.0,1.8,5000,0,4,64,6.5,90,3,android,48.0,8.0,1,1600,720,1152000,269.92876553183146
motorola,Motorola Moto Edge 30 Neo,31990,1,snapdragon,8.0,2.2,4020,1,8,128,6.28,120,2,android,64.0,32.0,0,2400,1080,2592000,419.0773031744199
motorola,Motorola Moto Edge S30 5G,23990,1,snapdragon,8.0,2.9,5000,1,6,128,6.8,144,3,android,108.0,16.0,0,2460,1080,2656800,395.09317371596666
motorola,Motorola Moto Edge S30 Pro,34990,1,snapdragon,8.0,3.0,5000,1,8,128,6.67,120,3,android,64.0,16.0,0,2460,1080,2656800,402.79364037010095
motorola,Motorola Moto Edge X30 Pro,59990,1,snapdragon,8.0,3.2,4450,1,8,128,6.67,144,3,android,200.0,60.0,0,2340,1080,2527200,386.38797472110105
motorola,Motorola Moto G 5G,19990,1,snapdragon,8.0,2.2,5000,1,6,128,6.67,60,3,android,48.0,16.0,1,2400,1080,2592000,394.57353282389164
motorola,Motorola Moto G13,15999,0,helio,8.0,2.0,5000,1,4,128,6.5,90,3,android,50.0,8.0,1,1600,720,1152000,269.92876553183146
motorola,Motorola Moto G22,9499,0,helio,8.0,2.3,5000,1,4,64,6.53,90,4,android,50.0,16.0,1,1600,720,1152000,268.68866400565156
motorola,Motorola Moto G23,19999,0,helio,8.0,2.0,5000,1,4,128,6.5,90,3,android,50.0,16.0,1,1600,720,1152000,269.92876553183146
motorola,Motorola Moto G31,9999,0,helio,8.0,2.0,5000,1,4,64,6.47,60,3,android,50.0,13.0,1,2400,1080,2592000,406.7705508400861
motorola,Motorola Moto G31 (6GB RAM+ 128GB),11999,0,helio,8.0,2.0,5000,1,6,128,6.47,60,3,android,50.0,13.0,1,2400,1080,2592000,406.7705508400861
motorola,Motorola Moto G32,10499,0,snapdragon,8.0,2.4,5000,1,4,64,6.55,90,3,android,50.0,16.0,1,2400,1080,2592000,401.8023609061614
motorola,Motorola Moto G40 Fusion,14499,0,snapdragon,8.0,2.3,6000,1,4,64,6.78,120,3,android,64.0,16.0,1,2460,1080,2656800,396.2586403050993
motorola,Motorola Moto G42,10999,0,snapdragon,8.0,2.4,5000,1,4,64,6.47,60,3,android,50.0,16.0,1,2400,1080,2592000,406.7705508400861
motorola,Motorola Moto G51 5G,12999,1,snapdragon,8.0,2.2,5000,0,4,64,6.8,120,3,android,50.0,13.0,1,2400,1080,2592000,387.03021528461136
motorola,Motorola Moto G52,11999,0,snapdragon,8.0,2.4,5000,1,4,64,6.6,90,3,android,50.0,16.0,1,1080,2460,2656800,407.0656941316021
motorola,Motorola Moto G52 (6GB RAM + 128GB),12999,0,snapdragon,8.0,2.4,5000,1,6,128,6.6,90,3,android,50.0,16.0,1,1080,2460,2656800,407.0656941316021
motorola,Motorola Moto G52 5G,16999,1,snapdragon,8.0,2.2,5000,1,4,64,6.6,90,3,android,50.0,16.0,1,1080,2460,2656800,407.0656941316021
motorola,Motorola Moto G53,21999,1,snapdragon,8.0,2.2,5000,1,4,128,6.5,120,2,android,50.0,16.0,1,1600,720,1152000,269.92876553183146
motorola,Motorola Moto G60,15999,0,snapdragon,8.0,2.3,6000,1,6,128,6.78,120,3,android,108.0,32.0,1,2460,1080,2656800,396.2586403050993
motorola,Motorola Moto G62 (8GB RAM + 128GB),16499,1,snapdragon,8.0,2.2,5000,1,8,128,6.55,120,3,android,50.0,16.0,1,2400,1080,2592000,401.8023609061614
motorola,Motorola Moto G62 5G,14999,1,snapdragon,8.0,2.2,5000,1,6,128,6.55,120,3,android,50.0,16.0,1,2400,1080,2592000,401.8023609061614
motorola,Motorola Moto G71 5G,16999,1,snapdragon,8.0,2.2,5000,1,6,128,6.4,60,3,android,50.0,16.0,0,2400,1080,2592000,411.2196037398995
motorola,Motorola Moto G72,19990,1,snapdragon,8.0,2.2,5000,1,6,128,6.5,120,3,android,108.0,16.0,0,2400,1080,2592000,404.89314829774725
motorola,Motorola Moto G72 4G,15999,0,helio,8.0,2.2,5000,1,6,128,6.55,120,3,android,108.0,16.0,1,2400,1080,2592000,401.8023609061614
motorola,Motorola Moto G73,25999,1,dimensity,8.0,2.2,5000,1,8,256,6.5,120,2,android,50.0,16.0,1,2400,1080,2592000,404.89314829774725
motorola,Motorola Moto G82 (8GB RAM + 128GB),20499,1,snapdragon,8.0,2.2,5000,1,8,128,6.6,120,3,android,50.0,16.0,1,2400,1080,2592000,398.7584036265693
motorola,Motorola Moto G82 5G,18999,1,snapdragon,8.0,2.2,5000,1,6,128,6.6,120,3,android,50.0,16.0,1,2400,1080,2592000,398.7584036265693
motorola,Motorola Moto G91 5G,19990,1,snapdragon,8.0,2.2,5000,1,6,128,6.8,60,3,android,108.0,32.0,1,2400,1080,2592000,387.03021528461136
motorola,Motorola Moto S30 Pro,23990,1,snapdragon,8.0,2.9,4400,1,8,128,6.55,144,3,android,50.0,32.0,0,2460,1080,2656800,410.1730658425303
motorola,Motorola Moto X30 Pro,41990,1,snapdragon,8.0,3.2,4450,1,8,128,6.67,144,3,android,200.0,60.0,0,2400,1080,2592000,394.57353282389164
motorola,Motorola Moto X40,39999,1,snapdragon,8.0,3.2,4600,1,8,128,6.7,165,3,android,50.0,60.0,0,2400,1080,2592000,392.8067856619936
motorola,Motorola One Fusion Plus,19499,0,snapdragon,8.0,2.2,5000,1,6,128,6.5,60,4,android,64.0,16.0,1,2340,1080,2527200,396.4935063676529
motorola,Motorola One Macro,11490,0,helio,8.0,2.0,4000,1,4,64,6.2,60,3,android,13.0,8.0,1,1520,720,1094400,271.27478763391787
motorola,Motorola ThinkPhone,49990,1,snapdragon,8.0,3.2,5000,1,8,128,6.6,144,3,android,50.0,32.0,0,2400,1080,2592000,398.7584036265693
nokia,Nokia C01 Plus,5249,0,unisoc,8.0,1.6,3000,0,2,16,5.45,60,1,android,5.0,5.0,1,1440,720,1036800,295.40714565134834
nokia,Nokia C21 Plus (4GB RAM + 64GB),8999,0,unisoc,8.0,1.6,5050,0,4,64,6.52,60,2,android,13.0,5.0,1,1600,720,1152000,269.1007631835743
nokia,Nokia C31,9499,0,unisoc,8.0,1.6,5050,1,3,32,6.74,60,3,android,13.0,5.0,1,1600,720,1152000,260.31705874731523
nokia,Nokia G11 Plus,10499,0,unisoc,8.0,1.6,5000,1,4,64,6.52,90,2,android,50.0,8.0,1,1600,720,1152000,269.1007631835743
nokia,Nokia G21,11999,0,unisoc,8.0,1.6,5050,1,4,64,6.5,90,3,android,50.0,8.0,1,1600,720,1152000,269.92876553183146
nokia,Nokia G21 (6GB RAM + 128GB),13499,0,unisoc,8.0,1.6,5050,1,6,128,6.5,90,3,android,50.0,8.0,1,1600,720,1152000,269.92876553183146
nokia,Nokia G60,28498,1,snapdragon,8.0,2.2,4500,1,6,128,6.58,120,3,android,50.0,8.0,1,2400,1080,2592000,399.97043524853456
nokia,Nokia N73 5G,46999,1,snapdragon,8.0,3.0,6000,1,12,256,6.9,120,1,android,200.0,32.0,1,3200,1400,4480000,506.2101216397965
nokia,Nokia X100 5G,17990,1,snapdragon,8.0,2.0,4470,1,6,128,6.67,60,4,android,48.0,16.0,1,2400,1080,2592000,394.57353282389164
nokia,Nokia X30,41990,1,snapdragon,8.0,2.2,4200,1,6,128,6.43,90,2,android,50.0,16.0,1,2400,1080,2592000,409.3010052776606
nokia,Nokia X50 5G,34999,1,snapdragon,,,6000,1,6,64,6.81,60,4,android,108.0,32.0,1,2400,1080,2592000,386.46188897729184
nokia,Nokia X60 5G,39990,1,snapdragon,8.0,3.2,6000,1,6,128,6.51,144,4,other,200.0,16.0,1,2400,1080,2592000,404.2711926167984
nokia,Nokia X60 Pro 5G,49990,1,snapdragon,8.0,3.2,6000,1,8,128,6.51,144,4,android,200.0,32.0,1,2408,1080,2600640,405.39214713878096
oneplus,OnePlus 10 Pro 5G,60999,1,snapdragon,8.0,3.0,5000,1,8,128,6.7,120,3,android,50.0,32.0,0,3216,1440,4631040,525.9210168998101
oneplus,OnePlus 10 Pro 5G (12GB RAM + 256GB),65499,1,snapdragon,8.0,3.0,5000,1,12,256,6.7,120,3,android,50.0,32.0,0,3216,1440,4631040,525.9210168998101
oneplus,OnePlus 10 Pro 5G (12GB RAM + 512GB),74999,1,snapdragon,8.0,3.0,5000,1,12,512,6.7,120,3,android,50.0,32.0,0,3216,1440,4631040,525.9210168998101
oneplus,OnePlus 10R 5G,32999,1,dimensity,8.0,2.85,5000,1,8,128,6.7,120,3,android,50.0,16.0,0,2412,1080,2604960,394.44076267485747
oneplus,OnePlus 10R 5G (12GB RAM + 256GB),36999,1,dimensity,8.0,2.85,5000,1,12,256,6.7,120,3,android,50.0,16.0,0,2412,1080,2604960,394.44076267485747
oneplus,OnePlus 10R Prime Edition,35389,1,dimensity,8.0,2.85,5000,1,8,128,6.7,120,3,android,50.0,16.0,0,2412,1080,2604960,394.44076267485747
oneplus,OnePlus 10T,44999,1,snapdragon,8.0,3.2,4800,1,8,128,6.7,120,3,android,50.0,16.0,0,2412,1080,2604960,394.44076267485747
oneplus,OnePlus 10T (12GB RAM + 256GB),50999,1,snapdragon,8.0,3.2,4800,1,12,256,6.7,120,3,android,50.0,16.0,0,2412,1080,2604960,394.44076267485747
oneplus,OnePlus 10T (16GB RAM + 256GB),55999,1,snapdragon,8.0,3.2,4800,1,16,256,6.7,120,3,android,50.0,16.0,0,2412,1080,2604960,394.44076267485747
oneplus,OnePlus 11 5G,54999,1,snapdragon,8.0,3.2,5000,1,12,256,6.7,120,3,android,50.0,16.0,0,3216,1440,4631040,525.9210168998101
oneplus,OnePlus 11 Pro,69999,1,snapdragon,8.0,3.2,4500,1,8,128,6.7,120,3,android,50.0,16.0,0,3216,1440,4631040,525.9210168998101
oneplus,OnePlus 11R,39999,1,snapdragon,8.0,3.2,5000,1,8,128,6.7,120,3,android,50.0,16.0,0,2412,1080,2604960,394.44076267485747
oneplus,OnePlus 12 Pro,69999,1,snapdragon,8.0,3.2,4800,1,12,256,6.73,144,3,android,108.0,32.0,0,3412,1440,4913280,550.2857773010236
oneplus,OnePlus 6 (8GB RAM + 128GB),27999,0,snapdragon,8.0,2.8,3300,0,8,128,6.28,60,2,android,20.0,16.0,0,2280,1080,2462400,401.7285867827128
oneplus,OnePlus 9 Pro,64800,1,snapdragon,8.0,2.84,4500,1,8,128,6.7,120,4,android,48.0,16.0,0,3216,1440,4631040,525.9210168998101
oneplus,OnePlus 9RT 5G,42999,1,snapdragon,8.0,2.84,4500,1,8,128,6.62,120,3,android,50.0,16.0,0,2400,1080,2592000,397.5536954585132
oneplus,OnePlus 9T,44999,1,snapdragon,8.0,2.84,4500,1,8,128,6.55,120,4,android,108.0,16.0,0,2400,1080,2592000,401.8023609061614
oneplus,OnePlus Ace 2,34999,1,snapdragon,8.0,3.2,5000,1,8,128,6.7,120,3,android,50.0,16.0,0,2412,1080,2604960,394.44076267485747
oneplus,OnePlus Ace 5G,28990,1,dimensity,8.0,2.85,4500,1,8,128,6.7,120,3,android,50.0,16.0,0,2412,1080,2604960,394.44076267485747
oneplus,OnePlus Ace Pro,47990,1,snapdragon,8.0,3.2,4800,1,12,256,6.7,120,3,android,50.0,16.0,0,2412,1080,2604960,394.44076267485747
oneplus,OnePlus Ace Racing Edition 5G,22990,1,dimensity,8.0,2.85,5000,1,8,128,6.59,120,3,android,64.0,16.0,0,2412,1080,2604960,401.0247511261829
oneplus,OnePlus Clover,14999,0,snapdragon,8.0,1.8,6000,1,4,64,6.52,60,3,android,13.0,8.0,1,1560,720,1123200,263.5181790787059
oneplus,OnePlus Nord 2 Lite 5G,22999,1,snapdragon,8.0,2.2,5000,1,8,128,6.59,120,3,android,64.0,16.0,1,2412,1080,2604960,401.0247511261829
oneplus,OnePlus Nord 2T (12GB RAM + 256GB),33900,1,dimensity,8.0,3.0,4500,1,12,256,6.43,90,3,android,50.0,32.0,0,2400,1080,2592000,409.3010052776606
oneplus,OnePlus Nord 2T 5G,28999,1,dimensity,8.0,3.0,4500,1,8,128,6.43,90,3,android,50.0,32.0,0,2400,1080,2592000,409.3010052776606
oneplus,OnePlus Nord 3 5G,27999,1,dimensity,8.0,3.1,4200,1,8,128,6.43,90,3,android,50.0,32.0,0,2400,1080,2592000,409.3010052776606
oneplus,OnePlus Nord 3T 5G,29990,1,dimensity,8.0,3.0,4500,1,8,128,6.43,90,3,android,50.0,32.0,0,2400,1080,2592000,409.3010052776606
oneplus,OnePlus Nord 4 5G,29999,1,snapdragon,8.0,2.36,4500,1,8,128,6.43,120,3,android,50.0,32.0,0,2412,1080,2604960,411.00359407800084
oneplus,OnePlus Nord 5,34999,1,dimensity,8.0,,5000,1,8,128,6.57,120,3,android,64.0,32.0,0,2400,1080,2592000,400.5792182550011
oneplus,OnePlus Nord CE 2 Lite 5G,19989,1,snapdragon,8.0,2.2,5000,1,6,128,6.59,120,3,android,64.0,16.0,1,2412,1080,2604960,401.0247511261829
oneplus,OnePlus Nord CE 2 Lite 5G (8GB RAM + 128GB),21995,1,snapdragon,8.0,2.2,5000,1,8,128,6.59,120,3,android,64.0,16.0,1,2412,1080,2604960,401.0247511261829
oneplus,OnePlus Nord CE 2 Lite 5G (8GB RAM + 256GB),24999,1,snapdragon,8.0,2.2,5000,1,8,256,6.59,120,3,android,64.0,16.0,1,2412,1080,2604960,401.0247511261829
oneplus,OnePlus Nord CE 3 5G,21999,1,snapdragon,8.0,2.2,5000,1,6,128,6.7,120,3,android,108.0,16.0,1,2412,1080,2604960,394.44076267485747
oneplus,OnePlus Nord CE 3 Lite 5G,18999,1,snapdragon,8.0,2.2,5000,1,6,128,6.59,120,3,android,50.0,16.0,1,2412,1080,2604960,401.0247511261829
oneplus,OnePlus Nord Lite,19999,0,snapdragon,8.0,2.0,4300,1,8,128,6.55,90,3,android,48.0,16.0,0,2400,1080,2592000,401.8023609061614
oneplus,OnePlus Nord N10,25595,1,snapdragon,8.0,2.0,4300,1,6,128,6.49,90,4,android,64.0,16.0,1,2400,1080,2592000,405.5170206371891
oneplus,OnePlus Nord N100,16990,0,snapdragon,8.0,1.8,5000,1,4,64,6.52,90,3,android,13.0,8.0,1,1600,720,1152000,269.1007631835743
oneplus,OnePlus Nord N20 5G,20990,1,snapdragon,8.0,2.2,4500,1,6,128,6.43,60,3,android,64.0,16.0,1,2400,1080,2592000,409.3010052776606
oneplus,OnePlus Nord N200,16990,1,snapdragon,8.0,2.0,5000,1,4,64,6.49,90,3,android,13.0,16.0,1,2400,1080,2592000,405.5170206371891
oneplus,OnePlus Nord N300,18990,1,dimensity,8.0,2.4,5000,1,4,64,6.56,90,2,android,48.0,16.0,1,1612,720,1160640,269.1291008656963
oneplus,OnePlus Nord SE,19999,0,snapdragon,8.0,2.0,4500,1,4,64,6.3,60,4,android,48.0,13.0,1,2400,1080,2592000,417.7468990373583
oneplus,OnePlus Z,24999,0,snapdragon,8.0,2.4,4300,1,8,128,6.55,90,3,android,64.0,16.0,0,2400,1080,2592000,401.8023609061614
oppo,OPPO A1 Pro,20990,1,snapdragon,8.0,2.2,4800,1,8,128,6.7,120,2,android,108.0,16.0,1,2412,1080,2604960,394.44076267485747
oppo,Oppo A12,9990,0,helio,8.0,1.8,4230,0,3,32,6.22,60,2,android,13.0,5.0,1,720,1520,1094400,270.4025214357381
oppo,OPPO A15,9999,0,helio,8.0,2.3,4230,0,3,32,6.52,60,3,android,13.0,5.0,1,1600,720,1152000,269.1007631835743
oppo,Oppo A15s (4GB RAM + 128GB),11490,0,helio,8.0,2.3,4230,0,4,128,6.52,60,3,android,13.0,8.0,1,1600,720,1152000,269.1007631835743
oppo,OPPO A16,11999,0,helio,8.0,2.3,5000,0,4,64,6.52,60,3,android,13.0,8.0,1,1600,720,1152000,269.1007631835743
oppo,OPPO A16e,8999,0,helio,8.0,2.0,4230,0,3,32,6.52,60,1,android,13.0,5.0,1,1600,720,1152000,269.1007631835743
oppo,OPPO A16e (4GB RAM + 64GB),8999,0,helio,8.0,2.0,4230,0,4,64,6.52,60,1,android,13.0,5.0,1,1600,720,1152000,269.1007631835743
oppo,OPPO A16K (4GB RAM + 64GB),10999,0,helio,8.0,2.3,4230,0,4,64,6.52,60,1,android,13.0,5.0,1,1600,720,1152000,269.1007631835743
oppo,OPPO A17,12499,0,helio,8.0,2.3,5000,1,4,64,6.56,60,2,android,50.0,5.0,1,1612,720,1160640,269.1291008656963
oppo,OPPO A17K,9499,0,helio,8.0,2.3,5000,0,3,64,6.56,60,1,android,8.0,5.0,1,1612,720,1160640,269.1291008656963
oppo,Oppo A31 2020 (6GB RAM + 128GB),12490,0,helio,8.0,2.3,4230,0,6,128,6.5,60,3,android,12.0,8.0,1,1600,720,1152000,269.92876553183146
oppo,OPPO A53 2020 (6GB RAM + 128GB),13990,0,snapdragon,8.0,1.8,5000,1,6,128,6.5,90,3,android,13.0,16.0,1,720,1600,1152000,269.92876553183146
oppo,OPPO A54,12199,0,helio,8.0,2.3,5000,1,4,64,6.51,60,3,android,13.0,16.0,1,720,1600,1152000,269.5141284111989
oppo,OPPO A54 (4GB RAM + 128GB),11990,0,helio,8.0,2.3,5000,1,4,128,6.51,60,3,android,13.0,16.0,1,720,1600,1152000,269.5141284111989
oppo,OPPO A54 (6GB RAM + 128GB),14999,0,helio,8.0,2.3,5000,1,6,128,6.51,60,3,android,13.0,16.0,1,720,1600,1152000,269.5141284111989
oppo,OPPO A55 4G,13499,0,helio,8.0,2.3,5000,1,4,64,6.51,60,3,android,50.0,16.0,1,1600,720,1152000,269.5141284111989
oppo,OPPO A55 4G (6GB RAM + 128GB),14700,0,helio,8.0,2.3,5000,1,6,128,6.51,60,3,android,50.0,16.0,1,1600,720,1152000,269.5141284111989
oppo,OPPO A55 5G,17990,1,dimensity,8.0,2.2,5000,0,6,128,6.5,60,3,android,13.0,8.0,1,1600,720,1152000,269.92876553183146
oppo,Oppo A56 5G,17990,1,dimensity,8.0,2.2,5000,0,6,128,6.5,60,2,android,13.0,8.0,1,1600,720,1152000,269.92876553183146
oppo,Oppo A56s,12999,1,dimensity,8.0,2.4,5000,0,8,128,6.56,60,2,android,13.0,8.0,1,1612,720,1160640,269.1291008656963
oppo,OPPO A57 4G,11990,0,helio,8.0,2.3,5000,1,3,64,6.56,60,2,android,13.0,8.0,1,1612,720,1160640,269.1291008656963
oppo,OPPO A57 4G (4GB RAM + 64 GB),13969,0,helio,8.0,2.3,5000,1,4,64,6.56,60,2,android,13.0,8.0,1,1612,720,1160640,269.1291008656963
oppo,OPPO A58,18990,1,dimensity,8.0,2.2,5000,1,6,128,6.56,90,2,android,50.0,8.0,1,1612,720,1160640,269.1291008656963
oppo,OPPO A58x,13990,1,dimensity,8.0,2.2,5000,1,6,128,6.56,90,2,android,13.0,8.0,1,1612,720,1160640,269.1291008656963
oppo,OPPO A73,15990,0,helio,8.0,2.5,3200,0,3,32,6.0,60,1,android,13.0,16.0,1,2160,1080,2332800,402.49223594996215
oppo,OPPO A74 5G,15490,1,snapdragon,8.0,2.0,5000,1,6,128,6.5,90,3,android,48.0,8.0,1,2400,1080,2592000,404.89314829774725
oppo,OPPO A76,16490,0,snapdragon,8.0,2.4,5000,1,6,128,6.56,90,2,android,13.0,8.0,1,1612,720,1160640,269.1291008656963
oppo,OPPO A77,15499,0,helio,8.0,2.3,5000,1,4,64,6.56,60,2,android,50.0,8.0,1,1600,720,1152000,267.45990487147935
oppo,OPPO A77 (4GB RAM + 128 GB),15998,0,helio,8.0,2.3,5000,1,4,128,6.56,60,2,android,50.0,8.0,1,1600,720,1152000,267.45990487147935
oppo,Oppo A77 5G,21990,1,snapdragon,8.0,2.4,5000,1,6,128,6.56,90,2,android,48.0,8.0,1,1600,720,1152000,267.45990487147935
oppo,OPPO A77s,17999,0,snapdragon,8.0,2.4,5000,1,8,128,6.56,90,2,android,50.0,8.0,1,1600,720,1152000,267.45990487147935
oppo,Oppo A78,18999,1,dimensity,8.0,2.2,5000,1,8,128,6.56,90,2,android,50.0,8.0,1,1612,720,1160640,269.1291008656963
oppo,OPPO A96 4G,17999,0,snapdragon,8.0,2.4,5000,1,8,128,6.59,90,2,android,50.0,16.0,1,2412,1080,2604960,401.0247511261829
oppo,Oppo A96 5G,22990,1,snapdragon,8.0,2.2,4500,1,8,256,6.43,60,2,android,48.0,16.0,1,2400,1080,2592000,409.3010052776606
oppo,OPPO A97 5G,23990,1,dimensity,8.0,2.4,5000,1,12,256,6.56,90,2,android,48.0,8.0,1,2400,1080,2592000,401.18985730721914
oppo,Oppo A98,30990,1,snapdragon,8.0,3.0,5000,1,8,128,6.7,120,2,android,108.0,16.0,1,2412,1080,2604960,394.44076267485747
oppo,OPPO F17 Pro,18990,0,helio,8.0,2.2,4015,1,8,128,6.43,60,4,android,48.0,16.0,1,2400,1080,2592000,409.3010052776606
oppo,OPPO F19,14990,0,snapdragon,8.0,2.0,5000,1,6,128,6.4,60,3,android,48.0,16.0,1,2400,1080,2592000,411.2196037398995
oppo,OPPO F19 Pro,17994,0,helio,8.0,2.2,4310,1,8,128,6.43,60,4,android,48.0,16.0,1,2400,1080,2592000,409.3010052776606
oppo,OPPO F19 Pro Plus 5G,19990,1,dimensity,8.0,2.4,4310,1,8,128,6.43,60,4,android,48.0,16.0,1,2400,1080,2592000,409.3010052776606
oppo,OPPO F19s,15988,0,snapdragon,8.0,2.0,5000,1,6,128,6.43,60,3,android,48.0,16.0,1,2400,1080,2592000,409.3010052776606
oppo,OPPO F21 Pro 4G,20999,0,snapdragon,8.0,2.4,4500,1,8,128,6.5,90,3,android,64.0,32.0,1,2400,1080,2592000,404.89314829774725
oppo,OPPO F21 Pro 5G,25969,1,snapdragon,8.0,2.2,4500,1,8,128,6.43,60,3,android,64.0,16.0,1,2400,1080,2592000,409.3010052776606
oppo,OPPO F21s Pro,25895,1,snapdragon,8.0,2.2,4500,1,8,128,6.43,60,3,android,64.0,16.0,1,2400,1080,2592000,409.3010052776606
oppo,OPPO F21s Pro 4G,21899,0,snapdragon,8.0,2.4,4500,1,8,128,6.43,90,3,android,64.0,32.0,1,2400,1080,2592000,409.3010052776606
oppo,OPPO F22 Pro,27660,1,snapdragon,8.0,2.2,4800,1,8,128,6.58,120,3,android,64.0,32.0,1,2400,1080,2592000,399.97043524853456
oppo,OPPO F23 Pro,19990,1,snapdragon,8.0,2.2,4500,1,8,128,6.5,90,3,android,64.0,32.0,1,2400,1080,2592000,404.89314829774725
oppo,OPPO F23 Pro Plus 5G,27990,1,snapdragon,8.0,2.36,4500,1,8,128,6.43,90,4,android,50.0,16.0,1,2460,1080,2656800,417.82792865763196
oppo,Oppo Find N 5G,92249,1,snapdragon,8.0,2.84,4500,1,8,256,7.1,120,3,android,50.0,32.0,0,1920,1792,3440640,369.90710136217587
oppo,OPPO Find N Flip,89990,1,dimensity,8.0,3.05,4300,1,8,128,6.8,120,2,,50.0,32.0,0,2400,1200,2880000,394.6002313234923
oppo,Oppo Find N Fold,99990,1,snapdragon,8.0,3.2,5000,1,8,256,7.1,120,2,other,50.0,,0,1920,1792,3440640,369.90710136217587
oppo,Oppo Find N2 5G,94990,1,snapdragon,8.0,3.2,4520,1,12,256,7.1,120,3,,50.0,32.0,0,1920,1792,3440640,369.90710136217587
oppo,OPPO Find N2 Flip,70990,1,dimensity,8.0,3.2,4300,1,8,256,6.8,120,2,,50.0,32.0,0,2520,1080,2721600,403.187987957501
oppo,Oppo Find X3 Pro,50990,1,snapdragon,8.0,2.84,4500,1,12,256,6.7,120,4,android,50.0,32.0,0,3216,1440,4631040,525.9210168998101
oppo,Oppo Find X5 Pro 5G,79990,1,snapdragon,8.0,3.0,5000,1,8,256,6.7,120,3,android,50.0,32.0,0,3216,1440,4631040,525.9210168998101
oppo,Oppo Find X6,69990,1,snapdragon,8.0,3.2,4700,1,8,256,6.73,120,3,android,50.0,32.0,0,2400,1080,2592000,391.0557895892061
oppo,Oppo Find X6 Pro,77990,1,snapdragon,8.0,3.2,4700,1,12,256,6.78,120,3,android,50.0,32.0,0,2400,1080,2592000,388.1718973355984
oppo,OPPO K10,13490,0,snapdragon,8.0,2.4,5000,1,6,128,6.59,90,3,android,50.0,16.0,1,2412,1080,2604960,401.0247511261829
oppo,OPPO K10 (8GB RAM + 128GB),16990,0,snapdragon,8.0,2.4,5000,1,8,128,6.59,90,3,android,50.0,16.0,1,2412,1080,2604960,401.0247511261829
oppo,OPPO K10 5G,16999,1,dimensity,8.0,2.4,5000,1,8,128,6.56,90,2,android,48.0,8.0,1,1612,720,1160640,269.1291008656963
oppo,Oppo K10 Pro 5G,29990,1,snapdragon,8.0,2.84,5000,1,8,128,6.62,120,3,android,50.0,16.0,0,2400,1080,2592000,397.5536954585132
oppo,Oppo K10x 5G,16990,1,snapdragon,8.0,2.2,5000,1,6,128,6.59,120,3,android,64.0,16.0,0,2412,1080,2604960,401.0247511261829
oppo,Oppo K5 (8GB RAM + 128GB),19990,0,snapdragon,8.0,2.2,4000,1,8,128,6.4,60,4,android,64.0,32.0,1,2340,1080,2527200,402.68871740464743
oppo,OPPO Reno 10,32999,1,snapdragon,8.0,2.5,5000,1,8,256,6.73,120,3,android,50.0,32.0,0,2412,1080,2604960,392.6824829006753
oppo,OPPO Reno 10 Pro,42990,1,dimensity,8.0,3.05,5000,1,16,256,6.73,120,2,android,50.0,32.0,0,2412,1080,2604960,392.6824829006753
oppo,Oppo Reno 10 Pro Plus,58990,1,snapdragon,8.0,3.2,4700,1,12,256,6.73,120,4,android,64.0,32.0,0,2412,1080,2604960,392.6824829006753
oppo,Oppo Reno 5,29990,1,snapdragon,8.0,2.4,4300,1,8,128,6.43,60,4,android,64.0,32.0,0,2400,1080,2592000,409.3010052776606
oppo,Oppo Reno 5 Pro 5G,38700,1,dimensity,8.0,2.6,4350,1,8,128,6.53,90,4,android,64.0,32.0,0,2400,1080,2592000,403.03299600847737
oppo,Oppo Reno 5A,22990,1,snapdragon,8.0,2.4,4000,1,6,128,6.5,90,4,android,64.0,16.0,1,2400,1080,2592000,404.89314829774725
oppo,OPPO Reno 6,26380,1,dimensity,8.0,2.0,4300,1,8,128,6.43,90,3,android,64.0,32.0,0,2400,1080,2592000,409.3010052776606
oppo,OPPO Reno 6 Pro 5G,36760,1,dimensity,8.0,3.0,4500,1,12,256,6.55,90,4,android,64.0,32.0,0,2400,1080,2592000,401.8023609061614
oppo,OPPO Reno 6 Pro Plus 5G,44990,1,snapdragon,8.0,3.2,4500,1,8,128,6.55,90,4,android,50.0,32.0,0,2400,1080,2592000,401.8023609061614
oppo,OPPO Reno 8 House of Dragon Edition,32990,1,dimensity,8.0,3.0,4500,1,8,128,6.43,90,3,android,50.0,32.0,0,2400,1080,2592000,409.3010052776606
oppo,Oppo Reno 8 Pro (8GB RAM + 256GB),42990,1,dimensity,8.0,2.85,4500,1,8,256,6.7,120,3,android,50.0,32.0,0,2412,1080,2604960,394.44076267485747
oppo,OPPO Reno 8 Pro 5G,45999,1,dimensity,8.0,2.85,4500,1,12,256,6.7,120,3,android,50.0,32.0,0,2412,1080,2604960,394.44076267485747
oppo,OPPO Reno 8 Pro House of Dragon Edition,45999,1,dimensity,8.0,2.85,4500,1,12,256,6.7,120,3,android,50.0,32.0,0,2412,1080,2604960,394.44076267485747
oppo,OPPO Reno 8 Z,26990,1,snapdragon,8.0,2.2,4500,1,8,256,6.43,60,3,android,64.0,16.0,1,2400,1080,2592000,409.3010052776606
oppo,Oppo Reno 8T,29990,1,snapdragon,8.0,2.2,5000,1,8,256,6.67,120,3,android,108.0,16.0,1,2400,1080,2592000,394.57353282389164
oppo,Oppo Reno 8T 4G,19999,0,helio,8.0,2.2,5000,1,8,256,6.67,120,3,android,50.0,16.0,1,2400,1080,2592000,394.57353282389164
oppo,OPPO Reno 9 5G,28499,1,snapdragon,8.0,2.4,4500,1,8,256,6.7,120,2,android,64.0,32.0,0,2412,1080,2604960,394.44076267485747
oppo,OPPO Reno 9 Pro 5G,39999,1,dimensity,8.0,2.85,4500,1,16,256,6.7,120,2,android,50.0,32.0,0,2412,1080,2604960,394.44076267485747
oppo,OPPO Reno 9 Pro Plus,45999,1,snapdragon,8.0,3.2,4700,1,16,256,6.7,120,3,android,50.0,32.0,0,2412,1080,2604960,394.44076267485747
oppo,OPPO Reno 9 Z,22990,1,snapdragon,8.0,2.2,4800,1,8,128,6.58,120,3,android,50.0,32.0,1,2400,1080,2592000,399.97043524853456
oppo,OPPO Reno7 5G,25994,1,dimensity,8.0,2.0,4500,1,8,256,6.43,90,3,android,64.0,32.0,1,2400,1080,2592000,409.3010052776606
oppo,OPPO Reno7 Pro 5G,31994,1,dimensity,8.0,3.0,4500,1,12,256,6.55,90,3,android,50.0,32.0,1,2400,1080,2592000,401.8023609061614
oppo,OPPO Reno7 Z 5G,17999,1,snapdragon,8.0,2.2,4500,1,8,128,6.43,60,3,android,64.0,16.0,1,2400,1080,2592000,409.3010052776606
oppo,OPPO Reno8 5G,29340,1,dimensity,8.0,3.0,4500,1,8,128,6.43,90,3,android,50.0,32.0,0,2400,1080,2592000,409.3010052776606
oppo,OPPO X 2021,134999,0,snapdragon,8.0,2.84,4000,1,8,256,7.4,60,3,android,64.0,16.0,0,3200,1440,4608000,474.1991826910553
poco,POCO C31,6499,0,helio,8.0,2.3,5000,0,3,32,6.53,60,3,android,13.0,5.0,1,1600,720,1152000,268.68866400565156
poco,POCO C31 (4GB RAM + 64GB),7499,0,helio,8.0,2.3,5000,0,4,64,6.53,60,3,android,13.0,5.0,1,1600,720,1152000,268.68866400565156
poco,Poco C50,6499,0,helio,4.0,2.0,5000,1,2,32,6.52,60,2,android,8.0,5.0,1,1600,720,1152000,269.1007631835743
poco,Poco C50 (3GB RAM + 32GB),7299,0,helio,4.0,2.0,5000,1,3,32,6.52,60,2,android,8.0,5.0,1,1600,720,1152000,269.1007631835743
poco,Poco C55,7999,0,helio,8.0,2.0,5000,0,4,64,6.71,60,2,android,50.0,5.0,1,1650,720,1188000,268.2935890672578
poco,Poco F3 GT,32999,1,dimensity,8.0,3.0,5065,1,6,128,6.67,120,3,android,64.0,16.0,0,2400,1080,2592000,394.57353282389164
poco,Poco F4 (12GB RAM + 256GB),29999,1,snapdragon,8.0,3.2,4500,1,12,256,6.67,120,3,android,64.0,20.0,0,2400,1080,2592000,394.57353282389164
poco,Poco F4 5G,25999,1,snapdragon,8.0,3.2,4500,1,6,128,6.67,120,3,android,64.0,20.0,0,2400,1080,2592000,394.57353282389164
poco,Poco F4 5G (8GB RAM + 128GB),27999,1,snapdragon,8.0,3.2,4500,1,8,128,6.67,120,3,android,64.0,20.0,0,2400,1080,2592000,394.57353282389164
poco,POCO F4 GT 5G,39999,1,snapdragon,8.0,3.0,4700,1,8,128,6.67,120,3,android,64.0,20.0,0,2400,1080,2592000,394.57353282389164
poco,Poco F5,34990,1,snapdragon,8.0,3.2,4700,1,8,128,6.7,120,3,android,64.0,32.0,0,2400,1080,2592000,392.8067856619936
poco,POCO F5 GT 5G,42999,1,dimensity,8.0,3.0,4500,1,8,128,6.67,120,3,android,64.0,20.0,0,2412,1080,2604960,396.2148590587024
poco,Poco F5 Pro,29999,1,snapdragon,8.0,3.2,5500,1,8,128,6.67,120,3,android,64.0,16.0,0,3200,1440,4608000,526.0980437651888
poco,Poco M2,10890,0,helio,8.0,2.0,5000,1,6,64,6.53,60,4,android,13.0,8.0,1,2340,1080,2527200,394.6719435512624
poco,POCO M2 Pro,12799,0,snapdragon,8.0,2.3,5000,1,4,64,6.67,60,4,android,48.0,16.0,1,2400,1080,2592000,394.57353282389164
poco,Poco M3,11499,0,snapdragon,8.0,2.0,6000,1,6,64,6.53,60,3,android,48.0,8.0,1,2340,1080,2527200,394.6719435512624
poco,POCO M3 Pro 5G,15999,1,dimensity,8.0,2.2,5000,1,4,64,6.5,90,3,android,48.0,8.0,1,2400,1080,2592000,404.89314829774725
poco,POCO M3 Pro 5G (6GB RAM + 128GB),14799,1,dimensity,8.0,2.2,5000,1,6,128,6.5,90,3,android,48.0,8.0,1,2400,1080,2592000,404.89314829774725
poco,Poco M4 5G,11499,1,dimensity,8.0,2.2,5000,1,4,64,6.58,90,2,android,50.0,8.0,1,2400,1080,2592000,399.97043524853456
poco,Poco M4 5G (6GB RAM + 128GB),13499,1,dimensity,8.0,2.2,5000,1,6,128,6.58,90,2,android,50.0,8.0,1,2400,1080,2592000,399.97043524853456
poco,POCO M4 Pro 4G,11999,0,helio,8.0,2.05,5000,1,6,64,6.43,90,3,android,64.0,16.0,1,2400,1080,2592000,409.3010052776606
poco,POCO M4 Pro 4G (6GB RAM + 128GB),12999,0,helio,8.0,2.05,5000,1,6,128,6.43,90,3,android,64.0,16.0,1,2400,1080,2592000,409.3010052776606
poco,POCO M4 Pro 4G (8GB RAM + 128GB),13999,0,helio,8.0,2.05,5000,1,8,128,6.43,90,3,android,64.0,16.0,1,2400,1080,2592000,409.3010052776606
poco,Poco M4 Pro 5G,12999,1,dimensity,8.0,2.4,5000,1,4,64,6.6,90,2,android,50.0,16.0,1,2400,1080,2592000,398.7584036265693
poco,Poco M4 Pro 5G (6GB RAM + 128GB),14999,1,dimensity,8.0,2.4,5000,1,6,128,6.6,90,2,android,50.0,16.0,1,2400,1080,2592000,398.7584036265693
poco,Poco M4 Pro 5G (8GB RAM + 128GB),15999,1,dimensity,8.0,2.4,5000,1,8,128,6.6,90,2,android,50.0,16.0,1,2400,1080,2592000,398.7584036265693
poco,Poco M5,10799,0,helio,8.0,2.2,5000,1,4,64,6.58,90,3,android,50.0,8.0,1,2400,1080,2592000,399.97043524853456
poco,Poco M5 (6GB RAM + 128GB),14499,0,helio,8.0,2.2,5000,1,6,128,6.58,90,3,android,50.0,8.0,1,2400,1080,2592000,399.97043524853456
poco,Poco M6 Pro,19990,1,dimensity,8.0,2.5,5100,1,8,128,6.73,120,3,android,108.0,32.0,1,2400,1080,2592000,391.0557895892061
poco,Poco X3,13499,0,snapdragon,8.0,2.3,6000,1,6,64,6.67,120,4,android,64.0,20.0,1,2400,1080,2592000,394.57353282389164
poco,Poco X3 Pro,19650,0,snapdragon,8.0,2.96,5160,1,6,128,6.67,120,4,android,48.0,20.0,1,2400,1080,2592000,394.57353282389164
poco,Poco X4,14990,1,dimensity,8.0,2.2,5000,1,6,128,6.67,120,3,android,50.0,16.0,1,2400,1080,2592000,394.57353282389164
poco,POCO X4 GT 5G,24990,1,dimensity,8.0,2.85,5080,1,8,128,6.6,144,3,android,64.0,16.0,0,2460,1080,2656800,407.0656941316021
poco,POCO X4 GT 5G (8GB RAM + 256GB),28990,1,dimensity,8.0,2.85,5080,1,8,256,6.6,144,3,android,64.0,16.0,0,2460,1080,2656800,407.0656941316021
poco,Poco X4 Pro 5G,14999,1,snapdragon,8.0,2.2,5000,1,6,64,6.67,120,3,android,64.0,16.0,1,2400,1080,2592000,394.57353282389164
poco,Poco X4 Pro 5G (6GB RAM + 128GB),16499,1,snapdragon,8.0,2.2,5000,1,6,128,6.67,120,3,android,64.0,16.0,1,2400,1080,2592000,394.57353282389164
poco,Poco X4 Pro 5G (8GB RAM + 128GB),17999,1,snapdragon,8.0,2.2,5000,1,8,128,6.67,120,3,android,64.0,16.0,1,2400,1080,2592000,394.57353282389164
poco,Poco X5,14999,1,snapdragon,8.0,2.2,5000,1,4,128,6.67,120,3,android,48.0,8.0,0,2400,1080,2592000,394.57353282389164
poco,POCO X5 GT,29990,1,dimensity,8.0,3.2,5000,1,8,128,6.7,144,3,android,64.0,32.0,0,2400,1080,2592000,392.8067856619936
poco,Poco X5 Pro,20999,1,snapdragon,8.0,2.4,5000,1,6,128,6.67,120,3,android,108.0,16.0,0,2400,1080,2592000,394.57353282389164
poco,Poco X6 Pro 5G,19999,1,snapdragon,8.0,,5000,1,6,128,6.67,120,4,android,64.0,32.0,1,2400,1080,2592000,394.57353282389164
realme,Realme 10,13999,0,helio,8.0,2.2,5000,1,4,64,6.4,90,2,android,50.0,16.0,1,2400,1080,2592000,411.2196037398995
realme,Realme 10 (8GB RAM + 128GB),16999,0,helio,8.0,2.2,5000,1,8,128,6.4,90,2,android,50.0,16.0,1,2400,1080,2592000,411.2196037398995
realme,Realme 10 5G,14499,1,dimensity,8.0,2.2,5000,1,8,128,6.6,90,3,android,50.0,8.0,1,2408,1080,2600640,399.8640724050703
realme,Realme 10 Pro,18999,1,snapdragon,8.0,2.2,5000,1,6,128,6.72,120,2,android,108.0,16.0,1,2400,1080,2592000,391.6377178475234
realme,Realme 10 Pro (8GB RAM + 128GB),19999,1,snapdragon,8.0,2.2,5000,1,8,128,6.72,120,2,android,108.0,16.0,1,2400,1080,2592000,391.6377178475234
realme,Realme 10 Pro Plus,24999,1,dimensity,8.0,2.6,5000,1,6,128,6.7,120,3,android,108.0,16.0,0,2412,1080,2604960,394.44076267485747
realme,Realme 10 Pro Plus (8GB RAM + 256GB),27999,1,dimensity,8.0,2.6,5000,1,8,256,6.7,120,3,android,108.0,16.0,0,2412,1080,2604960,394.44076267485747
realme,Realme 10s,12999,1,dimensity,8.0,2.4,5000,1,8,128,6.6,90,2,android,50.0,8.0,1,2408,1080,2600640,399.8640724050703
realme,Realme 11 Pro,28999,1,snapdragon,8.0,3.0,5000,1,6,128,6.4,120,3,android,64.0,32.0,1,2400,1080,2592000,411.2196037398995
realme,Realme 11 Pro Plus,24999,1,dimensity,8.0,2.2,4200,1,6,128,6.4,90,3,android,50.0,16.0,0,2400,1080,2592000,411.2196037398995
realme,Realme 6 (6GB RAM + 64GB),12989,0,helio,8.0,2.05,4300,1,6,64,6.5,90,4,android,64.0,16.0,1,2400,1080,2592000,404.89314829774725
realme,Realme 6 Pro,14490,0,snapdragon,8.0,2.3,4300,1,6,64,6.6,90,4,android,64.0,16.0,1,2400,1080,2592000,398.7584036265693
realme,Realme 7 Pro (8GB RAM + 128GB),21999,0,snapdragon,8.0,2.3,4500,1,8,128,6.4,60,4,android,64.0,32.0,1,2400,1080,2592000,411.2196037398995
realme,Realme 8,15999,0,helio,8.0,2.0,5000,1,4,128,6.4,60,4,android,64.0,16.0,1,2400,1080,2592000,411.2196037398995
realme,Realme 8 (8GB RAM + 128GB),17999,0,helio,8.0,2.0,5000,1,8,128,6.4,60,4,android,64.0,16.0,1,2400,1080,2592000,411.2196037398995
realme,Realme 8 5G,16499,1,dimensity,8.0,2.2,5000,1,4,128,6.5,90,3,android,48.0,16.0,1,2400,1080,2592000,404.89314829774725
realme,Realme 8 5G (8GB RAM + 128GB),18499,1,dimensity,8.0,2.2,5000,1,8,128,6.5,90,3,android,48.0,16.0,1,2400,1080,2592000,404.89314829774725
realme,Realme 8i,12499,0,helio,8.0,2.05,5000,1,4,64,6.6,120,3,android,50.0,16.0,1,2412,1080,2604960,400.4171378669008
realme,Realme 8i (6GB RAM + 128GB),13999,0,helio,8.0,2.05,5000,1,6,128,6.6,120,3,android,50.0,16.0,1,2412,1080,2604960,400.4171378669008
realme,Realme 8s 5G,17999,1,dimensity,8.0,2.4,5000,1,6,128,6.5,90,3,android,64.0,16.0,1,2400,1080,2592000,404.89314829774725
realme,Realme 8s 5G (8GB RAM + 128GB),17499,1,dimensity,8.0,2.4,5000,1,8,128,6.5,90,3,android,64.0,16.0,1,2400,1080,2592000,404.89314829774725
realme,Realme 9 4G,14999,0,snapdragon,8.0,2.4,5000,1,6,128,6.4,90,3,android,108.0,16.0,1,2400,1080,2592000,411.2196037398995
realme,Realme 9 4G (8GB RAM + 128GB),15999,0,snapdragon,8.0,2.4,5000,1,8,128,6.4,90,3,android,108.0,16.0,1,2400,1080,2592000,411.2196037398995
realme,Realme 9 5G,13999,1,dimensity,8.0,2.4,5000,1,4,64,6.5,90,3,android,48.0,16.0,1,2400,1080,2592000,404.89314829774725
realme,Realme 9 5G (6GB RAM + 128GB),15499,1,dimensity,8.0,2.4,5000,1,6,128,6.5,90,3,android,48.0,16.0,1,2400,1080,2592000,404.89314829774725
realme,Realme 9 5G SE,18999,1,snapdragon,8.0,2.4,5000,1,6,128,6.6,144,3,android,48.0,16.0,1,2412,1080,2604960,400.4171378669008
realme,Realme 9 5G SE (8GB RAM + 128GB),22998,1,snapdragon,8.0,2.4,5000,1,8,128,6.6,144,3,android,48.0,16.0,1,2412,1080,2604960,400.4171378669008
realme,Realme 9 Pro 5G,18999,1,snapdragon,8.0,2.2,5000,1,6,128,6.6,120,3,android,64.0,16.0,1,2412,1080,2604960,400.4171378669008
realme,Realme 9 Pro 5G (8GB RAM + 128GB),20999,1,snapdragon,8.0,2.2,5000,1,8,128,6.6,120,3,android,64.0,16.0,1,2412,1080,2604960,400.4171378669008
realme,Realme 9 Pro Plus 5G,25900,1,dimensity,8.0,2.5,4500,1,6,128,6.4,90,3,android,50.0,16.0,0,2400,1080,2592000,411.2196037398995
realme,Realme 9 Pro Plus 5G (8GB RAM + 128GB),22994,1,dimensity,8.0,2.5,4500,1,8,128,6.4,90,3,android,50.0,16.0,0,2400,1080,2592000,411.2196037398995
realme,Realme 9 Pro Plus 5G (8GB RAM + 256GB),24494,1,dimensity,8.0,2.5,4500,1,8,256,6.4,90,3,android,50.0,16.0,0,2400,1080,2592000,411.2196037398995
realme,Realme 9i,12499,0,snapdragon,8.0,2.4,5000,1,4,64,6.6,90,3,android,50.0,16.0,1,2412,1080,2604960,400.4171378669008
realme,Realme 9i (4GB RAM + 128GB),13999,0,snapdragon,8.0,2.4,5000,1,4,128,6.6,90,3,android,50.0,16.0,1,2412,1080,2604960,400.4171378669008
realme,Realme 9i (6GB RAM + 128GB),14999,0,snapdragon,8.0,2.4,5000,1,6,128,6.6,90,3,android,50.0,16.0,1,2412,1080,2604960,400.4171378669008
realme,Realme 9i 5G,14965,1,dimensity,8.0,2.4,5000,1,4,64,6.6,90,3,android,50.0,8.0,1,2408,1080,2600640,399.8640724050703
realme,Realme 9i 5G (6GB RAM + 128GB),16999,1,dimensity,8.0,2.4,5000,1,6,128,6.6,90,3,android,50.0,8.0,1,2408,1080,2600640,399.8640724050703
realme,Realme A1,8999,0,helio,8.0,2.1,4000,0,2,16,6.2,60,2,android,13.0,8.0,1,1520,720,1094400,271.27478763391787
realme,Realme C11,6490,0,helio,8.0,2.3,5000,0,2,32,6.5,60,2,android,13.0,5.0,1,1600,720,1152000,269.92876553183146
realme,Realme C11 2021,6499,0,sc9863a,8.0,1.6,5000,0,2,32,6.52,60,1,android,8.0,5.0,1,1600,720,1152000,269.1007631835743
realme,Realme C11 2021 (4GB RAM + 64GB),7749,0,sc9863a,8.0,1.6,5000,0,4,64,6.52,60,1,android,8.0,5.0,1,1600,720,1152000,269.1007631835743
realme,Realme C2,6999,0,helio,8.0,2.0,4000,0,2,16,6.1,60,2,android,13.0,5.0,1,720,1560,1123200,281.6620537037971
realme,Realme C21Y,6999,0,unisoc,8.0,1.8,5000,0,3,32,6.5,60,3,android,13.0,5.0,1,1600,720,1152000,269.92876553183146
realme,Realme C25Y (4GB RAM + 64GB),8999,0,tiger,8.0,1.8,5000,1,4,64,6.5,60,3,android,50.0,8.0,1,720,1600,1152000,269.92876553183146
realme,Realme C2s,3499,0,helio,8.0,2.0,4000,0,3,32,6.1,60,2,android,13.0,5.0,1,1560,720,1123200,281.6620537037971
realme,Realme C30,5299,0,tiger,8.0,1.82,5000,0,2,32,6.5,60,1,android,8.0,5.0,1,1600,720,1152000,269.92876553183146
realme,Realme C30 (3GB RAM + 32GB),6299,0,tiger,8.0,1.82,5000,0,3,32,6.5,60,1,android,8.0,5.0,1,1600,720,1152000,269.92876553183146
realme,Realme C30s,7145,0,unisoc,8.0,1.6,5000,1,2,32,6.5,60,1,android,8.0,5.0,1,1600,720,1152000,269.92876553183146
realme,Realme C30s (4GB RAM + 64GB),8990,0,unisoc,8.0,1.6,5000,1,4,64,6.5,60,1,android,8.0,5.0,1,1600,720,1152000,269.92876553183146
realme,Realme C31,8299,0,tiger,8.0,1.82,5000,0,3,32,6.52,60,3,android,13.0,5.0,1,1600,720,1152000,269.1007631835743
realme,Realme C31 (4GB RAM + 64GB),8999,0,tiger,8.0,1.82,5000,0,4,64,6.52,60,3,android,13.0,5.0,1,1600,720,1152000,269.1007631835743
realme,Realme C32,9499,0,tiger,8.0,1.82,5000,0,4,64,6.52,60,3,android,13.0,5.0,1,1600,720,1152000,269.1007631835743
realme,Realme C33,8950,0,unisoc,8.0,1.8,5000,0,3,32,6.5,60,2,android,50.0,5.0,1,1600,720,1152000,269.92876553183146
realme,Realme C33 (4GB RAM + 64GB),9999,0,unisoc,8.0,1.8,5000,0,4,64,6.5,60,2,android,50.0,5.0,1,1600,720,1152000,269.92876553183146
realme,Realme C35,11828,0,tiger,8.0,1.8,5000,1,4,64,6.6,60,3,android,50.0,8.0,1,2408,1080,2600640,399.8640724050703
realme,Realme C35 (4GB RAM + 128GB),12787,0,tiger,8.0,1.8,5000,1,4,128,6.6,90,3,android,50.0,8.0,1,2408,1080,2600640,399.8640724050703
realme,Realme C35 (6GB RAM + 128GB),13999,0,tiger,8.0,1.8,5000,1,6,128,6.6,90,3,android,50.0,8.0,1,2408,1080,2600640,399.8640724050703
realme,Realme G1,7999,0,helio,8.0,2.3,6000,0,3,32,6.52,60,3,android,13.0,5.0,1,1600,720,1152000,269.1007631835743
realme,Realme GT 2 5G,28994,1,snapdragon,8.0,2.84,5000,1,8,128,6.62,120,3,android,50.0,16.0,0,2400,1080,2592000,397.5536954585132
realme,Realme GT 2 Explorer Master Edition,40990,1,snapdragon,8.0,3.2,5000,1,8,128,6.7,120,3,android,50.0,16.0,0,2412,1080,2604960,394.44076267485747
realme,Realme GT 2 Pro 5G,49959,1,snapdragon,8.0,3.0,5000,1,8,128,6.7,120,3,android,50.0,32.0,0,3216,1440,4631040,525.9210168998101
realme,Realme GT 2 Pro 5G (12GB RAM + 256GB),46999,1,snapdragon,8.0,3.0,5000,1,12,256,6.7,120,3,android,50.0,32.0,0,3216,1440,4631040,525.9210168998101
realme,Realme GT 5G,30994,1,snapdragon,8.0,2.84,4500,1,8,128,6.43,120,3,android,64.0,16.0,0,2400,1080,2592000,409.3010052776606
realme,Realme GT Explorer Master Edition,32990,1,snapdragon,8.0,3.2,4500,1,8,128,6.55,120,3,android,50.0,32.0,0,2400,1080,2592000,401.8023609061614
realme,Realme GT Master Edition 5G,27999,1,snapdragon,8.0,2.4,4300,1,8,128,6.43,120,3,android,64.0,32.0,0,2400,1080,2592000,409.3010052776606
realme,Realme GT Neo 3 5G,31994,1,dimensity,8.0,2.85,5000,1,8,128,6.7,120,3,android,50.0,16.0,0,2412,1080,2604960,394.44076267485747
realme,Realme GT Neo 3T,24999,1,snapdragon,8.0,3.2,5000,1,6,128,6.62,120,3,android,64.0,16.0,0,2400,1080,2592000,397.5536954585132
realme,Realme GT Neo 3T (8GB RAM + 128GB),26499,1,snapdragon,8.0,3.2,5000,1,8,128,6.62,120,3,android,64.0,16.0,0,2400,1080,2592000,397.5536954585132
realme,Realme GT Neo 3T (8GB RAM + 256GB),28499,1,snapdragon,8.0,3.2,5000,1,8,256,6.62,120,3,android,64.0,16.0,0,2400,1080,2592000,397.5536954585132
realme,Realme GT Neo 4T,29999,1,snapdragon,8.0,3.0,5000,1,8,128,6.73,144,3,android,50.0,16.0,0,2400,1080,2592000,391.0557895892061
realme,Realme GT Neo 5,34999,1,snapdragon,8.0,3.2,4600,1,8,128,6.7,120,3,android,50.0,16.0,0,2412,1080,2604960,394.44076267485747
realme,Realme GT Neo2 5G,31999,1,snapdragon,8.0,3.2,5000,1,8,128,6.62,120,3,android,64.0,16.0,0,1080,2400,2592000,397.5536954585132
realme,Realme Narzo 20,10499,0,helio,8.0,2.0,6000,1,4,64,6.5,60,3,android,48.0,8.0,1,1600,720,1152000,269.92876553183146
realme,Realme Narzo 30 5G,16999,1,dimensity,8.0,2.2,5000,1,6,128,6.5,90,3,android,48.0,16.0,1,2400,1080,2592000,404.89314829774725
realme,Realme Narzo 30 Pro 5G (8GB RAM +128GB),19999,1,dimensity,8.0,2.4,5000,1,8,128,6.5,120,3,android,48.0,16.0,1,2400,1080,2592000,404.89314829774725
realme,Realme Narzo 50,10999,0,helio,8.0,2.0,5000,1,4,64,6.6,120,3,android,50.0,16.0,1,2412,1080,2604960,400.4171378669008
realme,Realme Narzo 50 (6GB RAM + 128GB),15499,0,helio,8.0,2.0,5000,1,6,128,6.6,120,3,android,50.0,16.0,1,2412,1080,2604960,400.4171378669008
realme,Realme Narzo 50 5G,17999,1,dimensity,8.0,2.4,5000,1,6,128,6.6,90,3,android,48.0,16.0,1,2400,1080,2592000,398.7584036265693
realme,Realme Narzo 50 5G (4GB RAM + 128GB),14999,1,dimensity,8.0,2.4,5000,1,4,128,6.6,90,3,android,48.0,16.0,1,2400,1080,2592000,398.7584036265693
realme,Realme Narzo 50 5G (4GB RAM + 64GB),13499,1,dimensity,8.0,2.4,5000,1,4,64,6.6,90,3,android,48.0,16.0,1,2400,1080,2592000,398.7584036265693
realme,Realme Narzo 50 Pro 5G,20490,1,dimensity,8.0,2.5,5000,1,6,128,6.4,90,3,android,48.0,16.0,1,2400,1080,2592000,411.2196037398995
realme,Realme Narzo 50 Pro 5G (8GB RAM + 128GB),22999,1,dimensity,8.0,2.5,5000,1,8,128,6.4,90,3,android,48.0,16.0,1,2400,1080,2592000,411.2196037398995
realme,Realme Narzo 50A,11499,0,helio,8.0,2.0,6000,1,4,64,6.5,60,3,android,50.0,8.0,1,1600,720,1152000,269.92876553183146
realme,Realme Narzo 50A Prime,11399,0,tiger,8.0,1.82,5000,1,4,64,6.6,60,3,android,50.0,8.0,1,2408,1080,2600640,399.8640724050703
realme,Realme Narzo 50A Prime (4GB RAM + 128GB),11879,0,tiger,8.0,1.82,5000,1,4,128,6.6,60,3,android,50.0,8.0,1,2408,1080,2600640,399.8640724050703
realme,Realme Narzo 50i,6490,0,unisoc,8.0,1.6,5000,0,2,32,6.5,60,1,android,8.0,5.0,1,1600,720,1152000,269.92876553183146
realme,Realme Narzo 50i (4GB RAM + 64GB),8999,0,unisoc,8.0,1.6,5000,0,4,64,6.5,60,1,android,8.0,5.0,1,1600,720,1152000,269.92876553183146
realme,Realme Narzo 50i Prime,7999,0,tiger,8.0,1.82,5000,1,3,32,6.5,60,1,android,8.0,5.0,1,1600,720,1152000,269.92876553183146
realme,Realme Narzo 50i Prime (4GB RAM + 64GB),8720,0,tiger,8.0,1.82,5000,1,4,64,6.5,60,1,android,8.0,5.0,1,1600,720,1152000,269.92876553183146
realme,Realme Q2i,9999,1,dimensity,8.0,2.0,5000,1,4,128,6.5,60,3,android,13.0,8.0,0,1600,720,1152000,269.92876553183146
realme,Realme Q3,14999,1,snapdragon,8.0,2.2,5000,1,6,128,6.5,120,3,android,48.0,16.0,1,2400,1080,2592000,404.89314829774725
realme,Realme Q3i 5G,10990,1,dimensity,8.0,2.2,5000,1,4,128,6.5,60,3,android,48.0,16.0,1,2400,1080,2592000,404.89314829774725
realme,Realme Q5 5G,14990,1,snapdragon,8.0,2.2,5000,1,6,128,6.6,120,3,android,50.0,16.0,1,2412,1080,2604960,400.4171378669008
realme,Realme X50 Pro 5G (12GB RAM + 256GB),27999,1,snapdragon,8.0,2.84,4200,1,12,256,6.44,90,4,android,64.0,32.0,0,2400,1080,2592000,408.66544471045916
realme,Realme X50 Pro 5G (8GB RAM + 128GB),24999,1,snapdragon,8.0,2.84,4200,1,8,128,6.44,90,4,android,64.0,32.0,0,2400,1080,2592000,408.66544471045916
realme,Realme X7 Max,26999,1,dimensity,8.0,3.0,4500,1,8,128,6.43,120,3,android,64.0,16.0,0,2400,1080,2592000,409.3010052776606
realme,Realme XT,13279,0,snapdragon,8.0,2.3,4000,1,4,64,6.4,60,4,android,64.0,16.0,1,2340,1080,2527200,402.68871740464743
samsung,Samsung Galaxy A01 Core,4999,0,mediatek,4.0,1.5,3000,0,1,16,5.3,60,1,android,8.0,5.0,1,1480,720,1065600,310.53646205948655
samsung,Samsung Galaxy A03,7249,0,unisoc,8.0,1.6,5000,1,3,32,6.5,60,2,android,48.0,5.0,1,1560,720,1123200,264.3290042451019
samsung,Samsung Galaxy A03 (4GB RAM + 64GB),11499,0,unisoc,8.0,1.6,5000,1,4,64,6.5,60,2,android,48.0,5.0,1,1560,720,1123200,264.3290042451019
samsung,Samsung Galaxy A03 Core,6499,0,unisoc,4.0,1.6,5000,0,2,32,6.5,60,1,android,8.0,5.0,1,1600,720,1152000,269.92876553183146
samsung,Samsung Galaxy A03s,8499,0,helio,8.0,2.3,5000,1,3,32,6.5,60,3,android,13.0,5.0,1,1600,720,1152000,269.92876553183146
samsung,Samsung Galaxy A04,11999,0,helio,8.0,2.3,5000,1,4,64,6.5,60,2,android,50.0,5.0,1,1600,720,1152000,269.92876553183146
samsung,Samsung Galaxy A04 (4GB RAM + 128GB),12999,0,helio,8.0,2.3,5000,1,4,128,6.5,60,2,android,50.0,5.0,1,1600,720,1152000,269.92876553183146
samsung,Samsung Galaxy A04e,9299,0,helio,8.0,2.3,5000,0,3,32,6.5,60,2,android,13.0,5.0,1,1600,720,1152000,269.92876553183146
samsung,Samsung Galaxy A04e (3GB RAM + 64GB),9950,0,helio,8.0,2.3,5000,0,3,64,6.5,60,2,android,13.0,5.0,1,1600,720,1152000,269.92876553183146
samsung,Samsung Galaxy A04e (4GB RAM + 128GB),11499,0,helio,8.0,2.3,5000,0,4,128,6.5,60,2,android,13.0,5.0,1,1600,720,1152000,269.92876553183146
samsung,Samsung Galaxy A04s,12990,0,exynos,8.0,2.0,5000,1,4,64,6.5,90,3,android,50.0,5.0,1,1600,720,1152000,269.92876553183146
samsung,Samsung Galaxy A04s (4GB RAM + 128GB),14499,0,exynos,8.0,2.0,5000,1,4,128,6.5,90,3,android,50.0,5.0,1,1600,720,1152000,269.92876553183146
samsung,Samsung Galaxy A05,12990,0,,8.0,,5000,1,4,64,6.5,60,2,android,48.0,5.0,1,1560,720,1123200,264.3290042451019
samsung,Samsung Galaxy A11,9990,0,,8.0,1.8,4000,1,2,32,6.4,60,3,android,13.0,8.0,1,1560,720,1123200,268.4591449364316
samsung,Samsung Galaxy A12,11999,0,helio,8.0,2.3,5000,1,4,64,6.5,60,4,android,48.0,8.0,1,1560,720,1123200,264.3290042451019
samsung,Samsung Galaxy A12 (6GB RAM + 128GB),13999,0,helio,8.0,2.3,5000,1,6,128,6.5,60,4,android,48.0,8.0,1,1560,720,1123200,264.3290042451019
samsung,Samsung Galaxy A13,14450,0,,8.0,2.0,5000,1,4,64,6.6,60,4,android,50.0,8.0,1,2408,1080,2600640,399.8640724050703
samsung,Samsung Galaxy A13 (4GB RAM + 128GB),14999,0,,8.0,2.0,5000,1,4,128,6.6,60,4,android,50.0,8.0,1,2408,1080,2600640,399.8640724050703
samsung,Samsung Galaxy A13 (6GB RAM + 128GB),16499,0,,8.0,2.0,5000,1,6,128,6.6,60,4,android,50.0,8.0,1,2408,1080,2600640,399.8640724050703
samsung,Samsung Galaxy A13 5G,17990,1,dimensity,8.0,2.2,5000,1,4,64,6.5,90,3,android,50.0,5.0,1,1600,720,1152000,269.92876553183146
samsung,Samsung Galaxy A14 5G,16499,1,exynos,8.0,2.4,5000,1,4,64,6.6,90,3,android,50.0,13.0,1,2408,1080,2600640,399.8640724050703
samsung,Samsung Galaxy A14 5G (6GB RAM + 128GB),18999,1,exynos,8.0,2.4,5000,1,6,128,6.6,90,3,android,50.0,13.0,1,2408,1080,2600640,399.8640724050703
samsung,Samsung Galaxy A14 5G (8GB RAM + 128GB),20999,1,exynos,8.0,2.4,5000,1,8,128,6.6,90,3,android,50.0,13.0,1,2408,1080,2600640,399.8640724050703
samsung,Samsung Galaxy A15,15990,0,,8.0,,5000,1,6,64,6.5,60,3,android,48.0,8.0,1,1600,720,1152000,269.92876553183146
samsung,Samsung Galaxy A21s (6GB RAM + 128GB),17499,0,exynos,8.0,2.0,5000,0,6,128,6.5,60,4,android,48.0,13.0,1,1600,720,1152000,269.92876553183146
samsung,Samsung Galaxy A22,18499,0,helio,8.0,2.0,5000,1,6,128,6.4,60,4,android,48.0,13.0,1,1600,720,1152000,274.14640249326635
samsung,Samsung Galaxy A22 5G,17990,1,dimensity,8.0,2.2,5000,1,6,128,6.6,90,3,android,48.0,8.0,1,2408,1080,2600640,399.8640724050703
samsung,Samsung Galaxy A23,18499,0,snapdragon,8.0,2.4,5000,1,6,128,6.6,60,4,android,50.0,8.0,1,2408,1080,2600640,399.8640724050703
samsung,Samsung Galaxy A23 (8GB RAM + 128GB),19990,0,snapdragon,8.0,2.4,5000,1,8,128,6.6,60,4,android,50.0,8.0,1,2408,1080,2600640,399.8640724050703
samsung,Samsung Galaxy A23 5G,22999,1,snapdragon,8.0,2.2,5000,1,6,128,6.6,120,4,android,50.0,8.0,1,2408,1080,2600640,399.8640724050703
samsung,Samsung Galaxy A23 5G (8GB RAM + 128GB),24999,1,snapdragon,8.0,2.2,5000,1,8,128,6.6,120,4,android,50.0,8.0,1,2408,1080,2600640,399.8640724050703
samsung,Samsung Galaxy A24,17999,0,exynos,8.0,1.8,4000,1,6,64,6.4,60,3,android,48.0,16.0,1,2408,1080,2600640,412.35982466772873
samsung,Samsung Galaxy A32,16499,0,helio,8.0,2.0,5000,1,6,128,6.4,90,4,android,64.0,20.0,1,2400,1080,2592000,411.2196037398995
samsung,Samsung Galaxy A32 (8GB RAM + 128GB),16499,0,helio,8.0,2.0,5000,1,8,128,6.4,90,4,android,64.0,20.0,1,2400,1080,2592000,411.2196037398995
samsung,Samsung Galaxy A32 5G,24499,1,dimensity,8.0,2.0,5000,1,6,128,6.5,90,4,android,48.0,13.0,1,1600,720,1152000,269.92876553183146
samsung,Samsung Galaxy A33 5G,25999,1,exynos,8.0,2.4,5000,1,6,128,6.4,90,4,android,48.0,13.0,1,2400,1080,2592000,411.2196037398995
samsung,Samsung Galaxy A33 5G (8GB RAM + 128GB),27499,1,exynos,8.0,2.4,5000,1,8,128,6.4,90,4,android,48.0,13.0,1,2400,1080,2592000,411.2196037398995
samsung,Samsung Galaxy A34 5G,24999,1,exynos,8.0,,5000,1,6,128,6.5,90,4,android,48.0,13.0,1,2400,1080,2592000,404.89314829774725
samsung,Samsung Galaxy A40,17990,0,exynos,8.0,2.2,3100,1,4,64,5.9,60,2,android,16.0,25.0,1,2340,1080,2527200,436.8148798965667
samsung,Samsung Galaxy A50s,15990,0,exynos,8.0,2.3,4000,1,4,128,6.4,60,3,android,48.0,32.0,1,2340,1080,2527200,402.68871740464743
samsung,Samsung Galaxy A52,24990,0,snapdragon,8.0,2.3,4500,1,6,128,6.5,90,4,android,64.0,32.0,1,2400,1080,2592000,404.89314829774725
samsung,Samsung Galaxy A52 (8GB RAM + 128GB),22494,0,snapdragon,8.0,2.3,4500,1,8,128,6.5,90,4,android,64.0,32.0,1,2400,1080,2592000,404.89314829774725
samsung,Samsung Galaxy A53 (8GB RAM + 256GB),36499,1,exynos,8.0,2.4,5000,1,8,256,6.5,120,4,android,64.0,32.0,1,2400,1080,2592000,404.89314829774725
samsung,Samsung Galaxy A53 5G,31999,1,exynos,8.0,2.4,5000,1,6,128,6.5,120,4,android,64.0,32.0,1,2400,1080,2592000,404.89314829774725
samsung,Samsung Galaxy A53 5G (8GB RAM + 128GB),33499,1,exynos,8.0,2.4,5000,1,8,128,6.5,120,4,android,64.0,32.0,1,2400,1080,2592000,404.89314829774725
samsung,Samsung Galaxy A54 5G,34999,1,exynos,8.0,,5000,1,6,128,6.4,120,3,android,50.0,32.0,1,2400,1080,2592000,411.2196037398995
samsung,Samsung Galaxy A7 (2018),21490,0,exynos,8.0,2.2,3300,0,4,64,6.0,60,3,android,24.0,24.0,1,1080,2220,2397600,411.46081222881963
samsung,Samsung Galaxy A71,22494,0,snapdragon,8.0,2.2,4500,1,8,128,6.7,60,4,android,64.0,32.0,1,2400,1080,2592000,392.8067856619936
samsung,Samsung Galaxy A73 5G,41999,1,snapdragon,8.0,2.4,5000,1,8,128,6.7,120,4,android,108.0,32.0,1,2400,1080,2592000,392.8067856619936
samsung,Samsung Galaxy A73 5G (8GB RAM + 256GB),41990,1,snapdragon,8.0,2.4,5000,1,8,256,6.7,120,4,android,108.0,32.0,1,2400,1080,2592000,392.8067856619936
samsung,Samsung Galaxy A74 5G,42999,1,snapdragon,8.0,2.36,5000,1,8,128,6.7,120,4,android,108.0,32.0,1,2412,1080,2604960,394.44076267485747
samsung,Samsung Galaxy A75 5G,44999,1,snapdragon,8.0,,5000,1,8,128,6.7,120,4,android,108.0,32.0,1,2412,1080,2604960,394.44076267485747
samsung,Samsung Galaxy A82 5G,39990,1,snapdragon,8.0,2.96,4500,1,6,128,6.71,120,3,android,64.0,10.0,1,3200,1440,4608000,522.9618408217301
samsung,Samsung Galaxy A83 5G,39990,1,snapdragon,8.0,3.2,4500,1,6,128,6.71,120,3,android,64.0,10.0,1,3200,1440,4608000,522.9618408217301
samsung,Samsung Galaxy A9 Pro (2019),39990,0,snapdragon,8.0,2.2,3400,1,6,128,6.4,60,3,android,24.0,24.0,1,2340,1080,2527200,402.68871740464743
samsung,Samsung Galaxy A92 5G,47990,1,dimensity,8.0,3.0,5000,1,8,128,6.7,60,3,android,48.0,16.0,0,2400,1080,2592000,392.8067856619936
samsung,Samsung Galaxy F04,8499,0,helio,8.0,2.3,5000,1,4,64,6.5,60,2,android,13.0,5.0,1,1600,720,1152000,269.92876553183146
samsung,Samsung Galaxy F12,10499,0,exynos,8.0,2.0,6000,1,4,64,6.5,90,4,android,48.0,8.0,1,1600,720,1152000,269.92876553183146
samsung,Samsung Galaxy F13,10999,0,exynos,8.0,2.0,6000,1,4,64,6.6,60,3,android,50.0,8.0,1,1080,2408,2600640,399.8640724050703
samsung,Samsung Galaxy F13 (4GB RAM + 128GB),11999,0,exynos,8.0,2.0,6000,1,4,128,6.6,60,3,android,50.0,8.0,1,1080,2408,2600640,399.8640724050703
samsung,Samsung Galaxy F14,14990,0,,8.0,,5000,1,4,64,6.62,60,3,android,50.0,16.0,1,1080,2408,2600640,398.6560238479553
samsung,Samsung Galaxy F22,11499,0,helio,8.0,2.0,6000,0,4,64,6.4,90,4,android,48.0,13.0,1,1600,720,1152000,274.14640249326635
samsung,Samsung Galaxy F22 (6GB RAM + 128GB),13499,0,helio,8.0,2.0,6000,0,6,128,6.4,90,4,android,48.0,13.0,1,1600,720,1152000,274.14640249326635
samsung,Samsung Galaxy F23 5G,15999,1,snapdragon,8.0,2.2,5000,1,4,128,6.6,120,3,android,50.0,8.0,1,2408,1080,2600640,399.8640724050703
samsung,Samsung Galaxy F23 5G (6GB RAM + 128GB),16999,1,snapdragon,8.0,2.2,5000,1,6,128,6.6,120,3,android,50.0,8.0,1,2408,1080,2600640,399.8640724050703
samsung,Samsung Galaxy F24 5G,14999,1,snapdragon,8.0,2.2,5000,1,4,128,6.6,120,3,android,50.0,8.0,1,2408,1080,2600640,399.8640724050703
samsung,Samsung Galaxy F41 (6GB RAM + 128GB),19999,0,exynos,8.0,2.3,6000,1,6,128,6.4,60,3,android,64.0,32.0,1,2340,1080,2527200,402.68871740464743
samsung,Samsung Galaxy F42 5G,15490,1,dimensity,8.0,2.2,5000,1,6,128,6.6,90,3,android,64.0,8.0,1,2408,1080,2600640,399.8640724050703
samsung,Samsung Galaxy F42 5G (8GB RAM + 128GB),22999,1,dimensity,8.0,2.2,5000,1,8,128,6.6,90,3,android,64.0,8.0,1,2408,1080,2600640,399.8640724050703
samsung,Samsung Galaxy F63,21999,1,dimensity,8.0,2.0,7000,1,6,128,6.7,60,4,android,64.0,32.0,1,2400,1080,2592000,392.8067856619936
samsung,Samsung Galaxy M04,8499,0,helio,8.0,2.3,5000,1,4,64,6.5,60,2,android,13.0,5.0,1,1600,720,1152000,269.92876553183146
samsung,Samsung Galaxy M04 (4GB RAM + 128GB),9499,0,helio,8.0,2.3,5000,1,4,128,6.5,60,2,android,13.0,5.0,1,1600,720,1152000,269.92876553183146
samsung,Samsung Galaxy M12,10999,0,exynos,8.0,2.0,6000,1,4,64,6.5,90,4,android,48.0,8.0,1,1600,720,1152000,269.92876553183146
samsung,Samsung Galaxy M13,12999,0,exynos,8.0,2.0,6000,1,6,128,6.6,60,3,android,50.0,8.0,1,2400,1080,2592000,398.7584036265693
samsung,Samsung Galaxy M13 (4GB RAM + 64GB),10630,0,exynos,8.0,2.0,6000,1,4,64,6.6,60,3,android,50.0,8.0,1,2400,1080,2592000,398.7584036265693
samsung,Samsung Galaxy M13 5G,13999,1,dimensity,8.0,2.2,5000,1,6,128,6.5,90,2,android,50.0,5.0,1,1600,720,1152000,269.92876553183146
samsung,Samsung Galaxy M13 5G (4GB RAM + 64GB),12944,1,dimensity,8.0,2.2,5000,1,4,64,6.5,90,2,android,50.0,5.0,1,1600,720,1152000,269.92876553183146
samsung,Samsung Galaxy M14,14999,0,exynos,8.0,,6000,0,4,64,6.5,60,3,android,48.0,8.0,1,1600,720,1152000,269.92876553183146
samsung,Samsung Galaxy M21 2021,11725,0,exynos,8.0,2.3,6000,1,4,64,6.4,60,3,android,48.0,20.0,1,2340,1080,2527200,402.68871740464743
samsung,Samsung Galaxy M32,12364,0,helio,8.0,2.0,6000,1,4,64,6.4,90,4,android,64.0,20.0,1,2400,1080,2592000,411.2196037398995
samsung,Samsung Galaxy M32 (6GB RAM + 128GB),14490,0,helio,8.0,2.0,6000,1,6,128,6.4,90,4,android,64.0,20.0,1,2400,1080,2592000,411.2196037398995
samsung,Samsung Galaxy M32 Prime Edition,12120,0,helio,8.0,2.0,6000,1,4,64,6.4,90,4,android,64.0,20.0,1,2400,1080,2592000,411.2196037398995
samsung,Samsung Galaxy M32 Prime Edition (6GB RAM + 128GB),14859,0,helio,8.0,2.0,6000,1,6,128,6.4,90,4,android,64.0,20.0,1,2400,1080,2592000,411.2196037398995
samsung,Samsung Galaxy M33 5G,17478,1,exynos,8.0,2.4,6000,1,6,128,6.6,120,4,android,50.0,8.0,1,2400,1080,2592000,398.7584036265693
samsung,Samsung Galaxy M33 5G (8GB RAM + 128GB),19499,1,exynos,8.0,2.4,6000,1,8,128,6.6,120,4,android,50.0,8.0,1,2400,1080,2592000,398.7584036265693
samsung,Samsung Galaxy M34 5G,16999,1,exynos,8.0,2.4,6000,1,6,128,6.5,120,4,android,64.0,32.0,1,2400,1080,2592000,404.89314829774725
samsung,Samsung Galaxy M35,22999,0,,8.0,,6000,1,8,128,6.5,60,3,android,64.0,32.0,1,2400,1080,2592000,404.89314829774725
samsung,Samsung Galaxy M51s 5G,24990,1,,8.0,,6000,1,6,128,6.7,60,3,android,64.0,32.0,1,2400,1080,2592000,392.8067856619936
samsung,Samsung Galaxy M52s 5G,24990,1,,8.0,,5000,1,8,128,6.5,60,3,android,64.0,32.0,1,2400,1080,2592000,404.89314829774725
samsung,Samsung Galaxy M53 5G,23790,1,dimensity,8.0,2.4,5000,1,6,128,6.7,120,4,android,108.0,32.0,1,2400,1080,2592000,392.8067856619936
samsung,Samsung Galaxy M53 5G (8GB RAM + 128GB),25289,1,dimensity,8.0,2.4,5000,1,8,128,6.7,120,4,android,108.0,32.0,1,2400,1080,2592000,392.8067856619936
samsung,Samsung Galaxy M54 5G,34999,1,snapdragon,8.0,2.84,6000,1,6,128,6.67,90,3,android,64.0,32.0,1,2412,1080,2604960,396.2148590587024
samsung,Samsung Galaxy M62,23999,0,exynos,8.0,2.73,7000,1,6,128,6.71,60,4,android,64.0,32.0,1,2400,1080,2592000,392.22138061629767
samsung,Samsung Galaxy Note 10 Lite,39999,0,exynos,8.0,2.7,4500,1,6,128,6.7,60,3,android,12.0,32.0,1,2400,1080,2592000,392.8067856619936
samsung,Samsung Galaxy Note 10 Plus,58999,0,exynos,8.0,2.73,4300,1,12,256,6.8,60,4,android,12.0,10.0,1,3040,1440,4377600,494.6775539206738
samsung,Samsung Galaxy Note 10 Plus 5G,92999,1,exynos,8.0,2.7,4300,1,12,256,6.8,60,4,android,12.0,10.0,1,3040,1440,4377600,494.6775539206738
samsung,Samsung Galaxy Note 20,86000,0,exynos,8.0,2.73,4300,1,8,256,6.7,60,3,android,64.0,10.0,0,2400,1080,2592000,392.8067856619936
samsung,Samsung Galaxy Note 30 Ultra 5G,104999,1,snapdragon,8.0,3.2,4500,1,12,256,6.71,120,3,android,200.0,10.0,1,3214,1440,4628160,524.8652069923219
samsung,Samsung Galaxy S10 5G,78990,1,exynos,8.0,2.7,4500,1,8,256,6.7,60,3,android,16.0,10.0,1,3040,1440,4377600,502.0608009941167
samsung,Samsung Galaxy S10 Plus,42999,0,exynos,8.0,2.7,4100,1,8,128,6.4,60,3,android,16.0,10.0,1,3040,1440,4377600,525.5949010407159
samsung,Samsung Galaxy S20,41999,0,exynos,8.0,2.73,4000,1,8,128,6.2,120,3,android,64.0,10.0,1,3200,1440,4608000,565.9796696635176
samsung,Samsung Galaxy S20 5G,74999,1,exynos,8.0,2.73,4000,1,8,128,6.2,60,3,android,64.0,10.0,1,3200,1440,4608000,565.9796696635176
samsung,Samsung Galaxy S20 FE,35489,0,exynos,8.0,2.73,4500,1,8,128,6.5,120,3,android,12.0,32.0,1,2400,1080,2592000,404.89314829774725
samsung,Samsung Galaxy S20 FE 5G,31239,1,snapdragon,8.0,2.84,4500,1,8,128,6.5,120,3,android,12.0,32.0,1,2400,1080,2592000,404.89314829774725
samsung,Samsung Galaxy S20 Plus,83000,0,exynos,8.0,2.73,4500,1,8,128,6.7,120,4,android,64.0,10.0,1,3200,1440,4608000,523.742380882658
samsung,Samsung Galaxy S20 Plus 5G,85990,1,exynos,8.0,2.73,4500,1,8,128,6.7,60,4,android,64.0,10.0,1,3200,1440,4608000,523.742380882658
samsung,Samsung Galaxy S20 Ultra 5G,99999,1,exynos,8.0,2.73,5000,1,12,128,6.9,60,4,android,108.0,40.0,1,3200,1440,4608000,508.56144230634914
samsung,Samsung Galaxy S21,48900,1,exynos,8.0,2.9,4000,1,8,128,6.2,120,3,android,64.0,10.0,0,2400,1080,2592000,424.48475224763826
samsung,Samsung Galaxy S21 FE 5G,39999,1,exynos,8.0,2.9,4500,1,8,128,6.4,120,3,android,12.0,32.0,0,2340,1080,2527200,402.68871740464743
samsung,Samsung Galaxy S21 FE 5G (8GB RAM + 256GB),43999,1,exynos,8.0,2.9,4500,1,8,256,6.4,120,3,android,12.0,32.0,0,2340,1080,2527200,402.68871740464743
samsung,Samsung Galaxy S21 Plus,59450,1,exynos,8.0,2.9,4800,1,8,128,6.7,120,3,android,64.0,10.0,0,2400,1080,2592000,392.8067856619936
samsung,Samsung Galaxy S21 Ultra,105999,1,exynos,8.0,2.9,5000,1,12,256,6.8,120,4,android,108.0,40.0,0,3200,1440,4608000,516.0402870461485
samsung,Samsung Galaxy S21 Ultra 5G (12GB RAM + 128GB),101999,1,exynos,8.0,2.9,5000,1,12,128,6.8,120,4,android,108.0,40.0,0,3200,1440,4608000,516.0402870461485
samsung,Samsung Galaxy S22 5G,49999,1,snapdragon,8.0,3.0,3700,1,8,128,6.1,120,3,android,50.0,10.0,0,2340,1080,2527200,422.4930805556957
samsung,Samsung Galaxy S22 5G (8GB RAM + 256GB),57999,1,snapdragon,8.0,3.0,3700,1,8,256,6.1,120,3,android,50.0,10.0,0,2340,1080,2527200,422.4930805556957
samsung,Samsung Galaxy S22 FE 5G,51999,1,exynos,8.0,,4200,1,8,128,6.4,120,3,android,12.0,32.0,0,2400,1080,2592000,411.2196037398995
samsung,Samsung Galaxy S22 Plus 5G,64449,1,snapdragon,8.0,3.0,4500,1,8,128,6.6,120,3,android,50.0,10.0,0,2340,1080,2527200,390.48602899844605
samsung,Samsung Galaxy S22 Plus 5G (8GB RAM + 256GB),88999,1,snapdragon,8.0,3.0,4500,1,8,256,6.6,120,3,android,50.0,10.0,0,2340,1080,2527200,390.48602899844605
samsung,Samsung Galaxy S22 Ultra 5G,91999,1,snapdragon,8.0,3.0,5000,1,12,256,6.8,120,4,android,108.0,40.0,0,3080,1440,4435200,500.0
samsung,Samsung Galaxy S22 Ultra 5G (12GB RAM + 512GB),118999,1,snapdragon,8.0,3.0,5000,1,12,512,6.8,120,4,android,108.0,40.0,0,3080,1440,4435200,500.0
samsung,Samsung Galaxy S22 Ultra 5G (8GB RAM + 128GB),99990,1,snapdragon,8.0,3.0,5000,1,8,128,6.8,120,4,android,108.0,40.0,0,3080,1440,4435200,500.0
samsung,Samsung Galaxy S23,70990,1,snapdragon,8.0,3.2,3900,1,8,128,6.1,120,3,android,50.0,12.0,0,2340,1080,2527200,422.4930805556957
samsung,Samsung Galaxy S23 FE 5G,54999,1,exynos,8.0,2.8,4500,1,8,128,6.5,60,4,android,64.0,32.0,0,2400,1080,2592000,404.89314829774725
samsung,Samsung Galaxy S23 Plus,84990,1,snapdragon,8.0,3.2,4700,1,8,256,6.6,120,3,android,50.0,12.0,0,2340,1080,2527200,390.48602899844605
samsung,Samsung Galaxy S23 Ultra 5G,114990,1,snapdragon,8.0,3.2,5000,1,8,256,6.8,120,4,android,200.0,12.0,0,3088,1440,4446720,501.0659916893998
samsung,Samsung Galaxy S24 Ultra,119990,1,snapdragon,8.0,3.2,5100,1,12,256,6.83,144,4,android,200.0,60.0,0,2860,1200,3432000,454.10658866703244
samsung,Samsung Galaxy S9 Plus (128GB),34999,0,exynos,8.0,2.8,3500,1,6,128,6.2,60,2,android,12.0,8.0,1,2960,1440,4262400,530.9171770694447
samsung,Samsung Galaxy Z Flip 3,69999,1,snapdragon,8.0,2.84,3300,1,8,128,6.7,120,2,,12.0,10.0,0,2640,1080,2851200,425.72648324793
samsung,Samsung Galaxy Z Flip 4 5G,89999,1,snapdragon,8.0,3.2,3700,1,8,128,6.7,120,2,,12.0,10.0,0,2640,1080,2851200,425.72648324793
samsung,Samsung Galaxy Z Fold 3,110999,1,snapdragon,8.0,2.84,4400,1,12,256,7.6,120,3,android,12.0,10.0,0,2208,1768,3903744,372.1867699015519
samsung,Samsung Galaxy Z Fold 4,154998,1,snapdragon,8.0,3.2,4400,1,12,256,7.6,120,3,android,50.0,10.0,0,2176,1812,3942912,372.58734498086375
samsung,Samsung Galaxy Z Fold 4 (12GB RAM + 1TB),163980,1,snapdragon,8.0,3.2,4400,1,12,1024,7.6,120,3,android,50.0,10.0,0,2176,1812,3942912,372.58734498086375
tecno,Tecno Camon 18,11499,0,helio,8.0,2.0,5000,1,4,128,6.8,90,3,android,48.0,16.0,0,2460,1080,2656800,395.09317371596666
tecno,Tecno Camon 19,14746,0,helio,8.0,2.0,5000,1,6,128,6.8,60,3,android,64.0,16.0,1,2460,1080,2656800,395.09317371596666
tecno,Tecno Camon 19 Neo,14999,0,helio,8.0,2.0,5000,1,6,128,6.8,90,3,android,48.0,32.0,0,2400,1080,2592000,387.03021528461136
tecno,Tecno Camon 19 Pro,17990,0,helio,8.0,2.05,5000,1,8,128,6.8,120,3,android,64.0,32.0,0,2460,1080,2656800,395.09317371596666
tecno,Tecno Camon 19 Pro 5G,21999,1,dimensity,8.0,2.4,5000,1,8,128,6.8,120,3,android,64.0,16.0,0,2460,1080,2656800,395.09317371596666
tecno,Tecno Camon 19 Pro Mondrian Edition,17999,0,helio,8.0,2.05,5000,1,8,128,6.8,120,3,android,64.0,32.0,1,2460,1080,2656800,395.09317371596666
tecno,Tecno Camon 20 Premier,20999,1,dimensity,8.0,2.2,5000,1,6,128,6.83,120,3,android,50.0,16.0,0,2460,1080,2656800,393.3577717816359
tecno,Tecno Phantom X,25999,0,helio,8.0,2.05,4700,1,8,256,6.7,90,3,android,50.0,48.0,0,2340,1080,2527200,384.65787931190204
tecno,Tecno Phantom X Pro,22999,0,helio,8.0,2.05,5000,1,8,256,6.7,120,4,android,50.0,48.0,0,2400,1080,2592000,392.8067856619936
tecno,Tecno Phantom X2,39999,1,dimensity,8.0,3.05,5160,1,8,256,6.8,120,3,android,64.0,32.0,0,2400,1080,2592000,387.03021528461136
tecno,Tecno Phantom X2 Pro,49999,1,dimensity,8.0,3.05,5160,1,12,256,6.8,120,3,android,50.0,32.0,0,2400,1080,2592000,387.03021528461136
tecno,Tecno Pop 5 Go,6999,0,spreadtrum,4.0,1.3,4000,0,1,16,6.1,60,2,android,5.0,5.0,1,1520,720,1094400,275.7219153000477
tecno,Tecno Pop 6 Pro,6299,0,helio,4.0,2.0,5000,0,2,32,6.56,60,2,android,8.0,5.0,1,1600,720,1152000,267.45990487147935
tecno,Tecno Pova 2,10999,0,helio,8.0,2.0,7000,1,4,64,6.95,60,4,android,48.0,8.0,1,2460,1080,2656800,386.5659829163415
tecno,Tecno Pova 3,9999,0,helio,8.0,2.0,7000,1,4,64,6.95,90,3,android,50.0,8.0,1,2460,1080,2656800,386.5659829163415
tecno,Tecno Pova 3 (6GB RAM + 128GB),13799,0,helio,8.0,2.0,7000,1,6,128,6.9,90,3,android,50.0,8.0,1,2460,1080,2656800,389.3671856910976
tecno,Tecno Pova 4,11999,0,helio,8.0,2.2,6000,1,8,128,6.82,90,2,android,50.0,8.0,1,1600,720,1152000,257.2634862106898
tecno,Tecno Pova 4 Pro,15999,0,helio,8.0,2.2,6000,1,8,256,6.66,90,2,android,50.0,8.0,1,1600,720,1152000,263.4439903839196
tecno,Tecno Pova 5G,15499,1,dimensity,8.0,2.4,6000,1,8,128,6.9,120,3,android,50.0,16.0,1,2460,1080,2656800,389.3671856910976
tecno,Tecno Pova Neo 2,13990,0,helio,8.0,2.0,7000,0,6,128,6.82,90,2,android,16.0,8.0,1,1600,720,1152000,257.2634862106898
tecno,Tecno Pova Neo 5G,15499,0,dimensity,8.0,2.4,6000,1,4,128,6.8,120,2,android,50.0,8.0,1,2400,1080,2592000,387.03021528461136
tecno,Tecno Spark 8 (4GB RAM + 64GB),8999,0,helio,8.0,1.8,5000,0,4,64,6.52,60,2,android,16.0,8.0,1,1600,720,1152000,269.1007631835743
tecno,Tecno Spark 8 Pro,8799,0,helio,8.0,2.0,5000,1,4,64,6.8,60,3,android,48.0,8.0,1,2460,1080,2656800,395.09317371596666
tecno,Tecno Spark 8C,7399,0,unisoc,8.0,2.0,5000,0,3,64,6.6,90,2,android,13.0,8.0,1,1612,720,1160640,267.49801540590414
tecno,Tecno Spark 8C (4GB RAM + 64GB),8890,0,unisoc,8.0,2.0,5000,0,4,64,6.6,90,2,android,13.0,8.0,1,1612,720,1160640,267.49801540590414
tecno,Tecno Spark 8T,7999,0,helio,8.0,2.3,5000,0,4,64,6.6,60,2,android,50.0,8.0,1,1600,720,1152000,265.83893575104617
tecno,Tecno Spark 9,8999,0,helio,8.0,2.3,5000,0,6,128,6.6,90,2,android,13.0,8.0,1,1600,720,1152000,265.83893575104617
tecno,Tecno Spark 9 (3GB RAM + 64GB),8390,0,helio,8.0,2.3,5000,0,3,64,6.6,90,2,android,13.0,8.0,1,1600,720,1152000,265.83893575104617
tecno,Tecno Spark 9 (4GB RAM + 64GB),7999,0,helio,8.0,2.3,5000,0,4,64,6.6,90,2,android,13.0,8.0,1,1600,720,1152000,265.83893575104617
tecno,Tecno Spark 9 Pro,9999,0,helio,8.0,2.0,5000,1,4,64,6.6,90,3,android,48.0,32.0,1,2460,1080,2656800,407.0656941316021
tecno,Tecno Spark 9T,8968,0,helio,8.0,2.3,5000,1,4,64,6.6,60,3,android,50.0,8.0,1,2408,1080,2600640,399.8640724050703
tecno,Tecno Spark Go 2022,6249,0,,8.0,2.2,5000,0,2,32,6.51,60,2,android,13.0,8.0,1,1600,720,1152000,269.5141284111989
tecno,Tecno Spark Go 2023,6999,0,helio,4.0,2.0,5000,1,3,32,6.56,60,2,android,13.0,5.0,1,1600,720,1152000,267.45990487147935
vivo,Vivo S1 Pro,29999,0,snapdragon,8.0,2.0,4500,1,8,128,6.38,60,4,android,48.0,32.0,1,2340,1080,2527200,403.9510644811511
vivo,Vivo S16,29990,1,snapdragon,8.0,3.2,4600,1,8,128,6.78,120,3,android,64.0,50.0,0,2400,1080,2592000,388.1718973355984
vivo,Vivo S16 Pro,35499,1,dimensity,8.0,3.1,4600,1,8,256,6.78,120,3,android,50.0,50.0,0,2400,1080,2592000,388.1718973355984
vivo,Vivo S17 Pro,49990,1,dimensity,8.0,,5000,1,12,256,6.67,120,3,android,50.0,32.0,0,2400,1080,2592000,394.57353282389164
vivo,Vivo T1 44W,14499,0,snapdragon,8.0,2.4,5000,1,4,128,6.44,60,3,android,50.0,16.0,1,2408,1080,2600640,409.7985835207242
vivo,Vivo T1 44W (6GB RAM + 128GB),15999,0,snapdragon,8.0,2.4,5000,1,6,128,6.44,60,3,android,50.0,16.0,1,2408,1080,2600640,409.7985835207242
vivo,Vivo T1 44W (8GB RAM + 128GB),17999,0,snapdragon,8.0,2.4,5000,1,8,128,6.44,60,3,android,50.0,16.0,1,2408,1080,2600640,409.7985835207242
vivo,Vivo T1 5G,15990,1,snapdragon,8.0,2.2,5000,1,4,128,6.58,120,3,android,50.0,16.0,1,2408,1080,2600640,401.07946472241093
vivo,Vivo T1 5G (6GB RAM + 128GB),16990,1,snapdragon,8.0,2.2,5000,1,6,128,6.58,120,3,android,50.0,16.0,1,2408,1080,2600640,401.07946472241093
vivo,Vivo T1 5G (8GB RAM + 128GB),19990,1,snapdragon,8.0,2.2,5000,1,8,128,6.58,120,3,android,50.0,16.0,1,2408,1080,2600640,401.07946472241093
vivo,Vivo T1 Pro,23999,1,snapdragon,8.0,2.4,4700,1,6,128,6.44,90,3,android,64.0,16.0,1,2404,1080,2596320,409.23193495914916
vivo,Vivo T1 Pro 5G (8GB RAM + 128GB),24999,1,snapdragon,8.0,2.4,4700,1,8,128,6.44,90,3,android,64.0,16.0,1,2404,1080,2596320,409.23193495914916
vivo,Vivo T1x (4GB RAM + 128GB),12999,0,snapdragon,8.0,2.4,5000,1,4,128,6.58,90,2,android,50.0,8.0,1,2408,1080,2600640,401.07946472241093
vivo,Vivo T1x (6GB RAM + 128GB),14999,0,snapdragon,8.0,2.4,5000,1,6,128,6.58,90,2,android,50.0,8.0,1,2408,1080,2600640,401.07946472241093
vivo,Vivo T1x 4G,11999,0,snapdragon,8.0,2.4,5000,1,4,64,6.58,90,2,android,50.0,8.0,1,2408,1080,2600640,401.07946472241093
vivo,Vivo T2 5G,24990,1,snapdragon,8.0,3.2,4700,1,8,128,6.62,120,3,android,64.0,16.0,1,2400,1080,2592000,397.5536954585132
vivo,Vivo T2 Pro 5G,29990,1,snapdragon,8.0,,4500,1,8,128,6.44,90,3,android,50.0,16.0,1,2408,1080,2600640,409.7985835207242
vivo,Vivo T2x 5G,18990,1,dimensity,8.0,3.0,6000,1,8,128,6.58,120,2,android,50.0,16.0,0,2408,1080,2600640,401.07946472241093
vivo,Vivo T3 Pro,31990,1,snapdragon,8.0,2.7,4700,1,8,256,6.67,120,3,android,64.0,32.0,1,2408,1080,2600640,395.66759788207855
vivo,Vivo U3,9990,0,snapdragon,8.0,2.0,5000,1,4,64,6.53,60,3,android,16.0,16.0,1,2340,1080,2527200,394.6719435512624
vivo,Vivo U3 (6GB RAM + 64GB),11990,0,snapdragon,8.0,2.0,5000,1,6,64,6.53,60,3,android,16.0,16.0,1,2340,1080,2527200,394.6719435512624
vivo,Vivo U3x,8990,1,snapdragon,8.0,2.0,5000,1,6,64,6.58,90,2,android,13.0,8.0,0,2408,1080,2600640,401.07946472241093
vivo,Vivo V11i,20990,0,helio,8.0,2.0,3315,0,4,128,6.3,60,2,android,16.0,25.0,1,2280,1080,2462400,400.4532579357836
vivo,Vivo V15 Pro (8GB RAM +128GB),25000,0,snapdragon,8.0,2.0,3700,1,8,128,6.39,60,3,android,48.0,32.0,1,2316,1080,2501280,399.9118243530421
vivo,Vivo V19 (8GB RAM + 256GB),27990,0,snapdragon,8.0,2.3,4500,1,8,256,6.44,60,4,android,48.0,32.0,1,2400,1080,2592000,408.66544471045916
vivo,Vivo V20,23269,0,snapdragon,8.0,2.3,4000,1,8,128,6.44,60,3,android,64.0,44.0,1,2400,1080,2592000,408.66544471045916
vivo,Vivo V20 Pro,27000,1,snapdragon,8.0,2.4,4000,1,8,128,6.44,60,3,android,64.0,44.0,0,2400,1080,2592000,408.66544471045916
vivo,Vivo V20 SE,19000,0,snapdragon,8.0,2.0,4100,1,8,128,6.44,60,3,android,48.0,32.0,1,2400,1080,2592000,408.66544471045916
vivo,Vivo V21,24999,0,dimensity,8.0,2.4,4000,1,8,128,6.44,90,3,android,64.0,44.0,1,2400,1080,2592000,408.66544471045916
vivo,Vivo V21 5G,23994,1,dimensity,8.0,2.4,4000,1,8,128,6.44,90,3,android,64.0,44.0,1,2400,1080,2592000,408.66544471045916
vivo,Vivo V21 Pro,32999,1,snapdragon,8.0,2.4,4300,1,8,128,6.44,60,4,android,64.0,44.0,0,2400,1080,2592000,408.66544471045916
vivo,Vivo V21s,29999,1,dimensity,8.0,2.4,4000,1,8,128,6.44,90,3,android,64.0,44.0,1,2400,1080,2592000,408.66544471045916
vivo,Vivo V23 5G,24994,1,dimensity,8.0,2.5,4200,1,8,128,6.44,90,3,android,64.0,50.0,0,2400,1080,2592000,408.66544471045916
vivo,Vivo V23 5G (12GB RAM + 256GB),27994,1,dimensity,8.0,2.5,4200,1,12,256,6.44,90,3,android,64.0,50.0,1,2400,1080,2592000,408.66544471045916
vivo,Vivo V23 Pro 5G,31994,1,dimensity,8.0,3.0,4300,1,8,128,6.56,90,3,android,108.0,50.0,0,2376,1080,2566080,397.85639181347983
vivo,Vivo V23 Pro 5G (12GB RAM + 256GB),36994,1,dimensity,8.0,3.0,4300,1,12,256,6.56,90,3,android,108.0,50.0,0,2376,1080,2566080,397.85639181347983
vivo,Vivo V23e,26990,0,helio,8.0,2.05,4050,1,8,128,6.44,60,3,android,64.0,50.0,0,2400,1080,2592000,408.66544471045916
vivo,Vivo V23e 5G,21994,1,dimensity,8.0,2.4,4050,1,8,128,6.44,60,3,android,50.0,44.0,1,2400,1080,2592000,408.66544471045916
vivo,Vivo V25 (12GB RAM + 256GB),31999,1,dimensity,8.0,2.0,4500,1,12,256,6.44,90,3,android,64.0,50.0,1,2408,1080,2600640,409.7985835207242
vivo,Vivo V25 5G,27999,1,dimensity,8.0,2.0,4500,1,8,128,6.44,90,3,android,64.0,50.0,1,2408,1080,2600640,409.7985835207242
vivo,Vivo V25 Pro (12GB RAM + 256GB),39999,1,dimensity,8.0,3.0,4830,1,12,256,6.56,120,3,android,64.0,32.0,0,2376,1080,2566080,397.85639181347983
vivo,Vivo V25 Pro 5G,35999,1,dimensity,8.0,3.0,4830,1,8,128,6.56,120,3,android,64.0,32.0,0,2376,1080,2566080,397.85639181347983
vivo,Vivo V25e,19990,0,helio,8.0,2.2,4500,1,8,256,6.44,90,3,android,64.0,32.0,1,2400,1080,2592000,408.66544471045916
vivo,Vivo V26 Pro,42990,1,dimensity,8.0,3.2,4800,1,12,256,6.7,120,3,android,64.0,32.0,0,2400,1080,2592000,392.8067856619936
vivo,Vivo V27,27990,1,dimensity,8.0,2.2,4700,1,8,256,6.56,120,3,android,64.0,50.0,1,2400,1080,2592000,401.18985730721914
vivo,Vivo V27 Pro,43999,1,dimensity,8.0,3.2,5000,1,12,256,6.73,144,3,android,108.0,32.0,0,2400,1080,2592000,391.0557895892061
vivo,Vivo V28,28990,1,snapdragon,8.0,2.2,5000,1,8,256,6.7,120,3,android,108.0,32.0,1,2400,1080,2592000,392.8067856619936
vivo,Vivo V29,32990,1,snapdragon,8.0,2.4,5000,1,8,256,6.67,120,3,android,64.0,32.0,1,2400,1080,2592000,394.57353282389164
vivo,Vivo X Fold 2,119990,1,snapdragon,8.0,3.2,4800,1,12,256,8.03,120,3,android,50.0,32.0,0,2160,1916,4138560,359.56747090184024
vivo,Vivo X Fold 5G,106990,1,snapdragon,8.0,3.0,4600,1,12,256,8.03,120,4,android,50.0,16.0,0,2160,1916,4138560,359.56747090184024
vivo,Vivo X Fold 5G (12GB RAM + 512GB),118990,1,snapdragon,8.0,3.0,4600,1,12,512,8.03,120,4,android,50.0,16.0,0,2160,1916,4138560,359.56747090184024
vivo,Vivo X Fold Plus,113990,1,snapdragon,8.0,3.2,4730,1,12,256,8.03,120,4,android,50.0,16.0,0,2160,1916,4138560,359.56747090184024
vivo,Vivo X Note 5G (12GB RAM + 512GB),82990,1,snapdragon,8.0,3.0,5000,1,12,512,7.0,120,4,android,50.0,16.0,0,3080,1440,4435200,485.7142857142857
vivo,Vivo X80 5G,54999,1,dimensity,8.0,3.05,4500,1,8,128,6.78,120,3,android,50.0,32.0,0,2400,1080,2592000,388.1718973355984
vivo,Vivo X80 5G (12GB RAM + 256GB),59999,1,dimensity,8.0,3.05,4500,1,12,256,6.78,120,3,android,50.0,32.0,0,2400,1080,2592000,388.1718973355984
vivo,Vivo X80 Pro 5G,79999,1,snapdragon,8.0,3.0,4700,1,12,256,6.78,120,4,android,50.0,32.0,0,3200,1440,4608000,517.5625297807978
vivo,Vivo X80 Pro Plus 5G,82990,1,snapdragon,8.0,3.2,4500,1,12,256,6.78,120,4,android,50.0,32.0,0,3200,1440,4608000,517.5625297807978
vivo,Vivo X90 5G,41990,1,dimensity,8.0,3.05,4810,1,8,128,6.78,120,3,android,50.0,32.0,0,2800,1260,3528000,452.8672135581981
vivo,Vivo X90 Pro 5G,56999,1,dimensity,8.0,3.05,4870,1,8,256,6.78,120,3,android,50.3,32.0,0,2800,1260,3528000,452.8672135581981
vivo,Vivo X90 Pro Plus 5G,73999,1,snapdragon,8.0,3.2,4700,1,12,256,6.78,120,4,android,50.3,32.0,0,3200,1440,4608000,517.5625297807978
vivo,Vivo Y01,7999,0,helio,8.0,2.3,5000,0,2,32,6.51,60,1,android,8.0,5.0,1,1600,720,1152000,269.5141284111989
vivo,Vivo Y01A,7790,0,helio,8.0,2.3,5000,1,2,32,6.51,60,1,android,8.0,5.0,1,1600,720,1152000,269.5141284111989
vivo,Vivo Y02,8999,0,helio,8.0,,5000,1,3,32,6.51,60,1,android,8.0,5.0,1,1600,720,1152000,269.5141284111989
vivo,Vivo Y02 (2GB RAM + 32GB),7999,0,helio,8.0,,5000,1,2,32,6.51,60,1,android,8.0,5.0,1,1600,720,1152000,269.5141284111989
vivo,Vivo Y02s,8990,0,helio,8.0,2.3,5000,1,3,32,6.51,60,1,android,8.0,5.0,1,1600,720,1152000,269.5141284111989
vivo,Vivo Y10,12490,0,helio,8.0,2.3,5000,0,4,128,6.51,60,2,android,13.0,8.0,0,1600,720,1152000,269.5141284111989
vivo,Vivo Y100,29990,1,dimensity,8.0,2.4,5000,1,8,128,6.0,120,3,android,50.0,50.0,0,2400,1080,2592000,438.6342439892262
vivo,Vivo Y11 (2019),9490,0,snapdragon,8.0,2.0,5000,0,3,32,6.35,60,2,android,13.0,8.0,1,1544,720,1111680,268.287302636844
vivo,Vivo Y12 (3GB RAM + 64GB),11000,0,helio,8.0,2.0,5000,0,3,64,6.35,60,3,android,13.0,8.0,1,1544,720,1111680,268.287302636844
vivo,Vivo Y12a,9999,0,snapdragon,8.0,2.0,5000,0,3,32,6.51,60,2,android,13.0,8.0,1,1600,720,1152000,269.5141284111989
vivo,Vivo Y12G (3GB RAM + 64GB),11990,0,snapdragon,8.0,2.0,5000,0,3,64,6.51,60,3,android,13.0,8.0,1,1600,720,1152000,269.5141284111989
vivo,Vivo Y15,12500,0,helio,8.0,2.0,5000,0,4,64,6.35,60,3,android,13.0,16.0,1,1544,720,1111680,268.287302636844
vivo,Vivo Y15C,8499,0,helio,8.0,2.3,5000,0,3,32,6.51,60,2,android,13.0,8.0,1,1600,720,1152000,269.5141284111989
vivo,Vivo Y15C (3GB RAM + 64GB),10490,0,helio,8.0,2.3,5000,0,3,64,6.51,60,2,android,13.0,8.0,1,1600,720,1152000,269.5141284111989
vivo,Vivo Y15s,8499,0,helio,8.0,2.3,5000,0,3,32,6.51,60,2,android,13.0,8.0,1,1600,720,1152000,269.5141284111989
vivo,Vivo Y16,9999,0,helio,8.0,2.3,5000,1,3,32,6.51,60,2,android,13.0,5.0,1,1600,720,1152000,269.5141284111989
vivo,Vivo Y16 (3GB RAM + 64GB),10499,0,helio,8.0,2.3,5000,1,3,64,6.51,60,2,android,13.0,5.0,1,1600,720,1152000,269.5141284111989
vivo,Vivo Y16 (4GB RAM + 64GB),12489,0,helio,8.0,2.3,5000,1,4,64,6.51,60,2,android,13.0,5.0,1,1600,720,1152000,269.5141284111989
vivo,Vivo Y19,20000,0,helio,8.0,2.0,5000,1,4,128,6.53,60,3,android,16.0,16.0,1,2340,1080,2527200,394.6719435512624
vivo,Vivo Y20G,13990,0,helio,8.0,2.0,5000,1,4,64,6.51,60,3,android,13.0,8.0,1,1600,720,1152000,269.5141284111989
vivo,Vivo Y21 (2020),9990,0,snapdragon,8.0,1.8,5000,0,4,64,6.5,60,2,android,13.0,13.0,1,1544,720,1111680,262.09605719137835
vivo,Vivo Y21 2021,13489,0,helio,8.0,2.3,5000,1,4,64,6.51,60,2,android,13.0,8.0,1,1600,720,1152000,269.5141284111989
vivo,Vivo Y21e,12499,0,snapdragon,8.0,2.4,5000,1,3,64,6.51,60,2,android,13.0,8.0,1,1600,720,1152000,269.5141284111989
vivo,Vivo Y21s,14990,0,helio,8.0,2.0,5000,1,4,128,6.51,60,3,android,50.0,8.0,1,1600,720,1152000,269.5141284111989
vivo,Vivo Y21T,15499,0,snapdragon,8.0,2.4,5000,1,4,128,6.51,90,3,android,50.0,8.0,1,720,1600,1152000,269.5141284111989
vivo,Vivo Y22,14499,0,helio,8.0,2.0,5000,1,4,64,6.55,60,2,android,50.0,8.0,1,1612,720,1160640,269.5399849891553
vivo,Vivo Y22 (6GB RAM + 128GB),16499,0,helio,8.0,2.0,5000,1,6,128,6.55,60,2,android,50.0,8.0,1,1612,720,1160640,269.5399849891553
vivo,Vivo Y22s,14990,0,snapdragon,8.0,2.4,5000,1,8,128,6.55,90,2,android,50.0,8.0,1,720,1612,1160640,269.5399849891553
vivo,Vivo Y25,7499,0,helio,4.0,1.3,1900,0,1,16,4.5,60,1,android,5.0,2.0,1,854,480,409920,217.70021294442822
vivo,Vivo Y3 (4GB RAM + 128GB),12990,0,helio,8.0,2.3,5000,1,4,128,6.35,60,3,android,13.0,16.0,1,1544,720,1111680,268.287302636844
vivo,Vivo Y33s,16685,0,helio,8.0,2.0,5000,1,8,128,6.58,60,3,android,50.0,16.0,1,2408,1080,2600640,401.07946472241093
vivo,Vivo Y33T,15990,0,snapdragon,8.0,2.4,5000,1,8,128,6.58,90,3,android,50.0,16.0,1,2408,1080,2600640,401.07946472241093
vivo,Vivo Y35,18499,0,snapdragon,8.0,2.4,5000,1,8,128,6.58,90,3,android,50.0,16.0,1,2408,1080,2600640,401.07946472241093
vivo,Vivo Y35 5G,13999,1,dimensity,8.0,2.2,5000,1,4,128,6.51,60,2,android,13.0,5.0,1,1600,720,1152000,269.5141284111989
vivo,Vivo Y53s,15490,0,helio,8.0,2.0,5000,1,8,128,6.58,60,3,android,64.0,16.0,1,2408,1080,2600640,401.07946472241093
vivo,Vivo Y53t,11999,1,dimensity,8.0,2.0,6000,1,4,128,6.51,60,2,android,13.0,5.0,0,1600,720,1152000,269.5141284111989
vivo,Vivo Y55 4G,22990,0,snapdragon,8.0,2.4,5000,1,8,128,6.44,120,3,android,50.0,16.0,1,2400,1080,2592000,408.66544471045916
vivo,Vivo Y55 5G,20990,1,dimensity,8.0,2.2,5000,1,4,128,6.58,60,3,android,50.0,8.0,1,2408,1080,2600640,401.07946472241093
vivo,Vivo Y55S,13490,0,snapdragon,4.0,1.2,2730,0,3,16,5.2,60,1,android,13.0,5.0,1,1280,720,921600,282.42399616439724
vivo,Vivo Y55s 2023,21999,1,dimensity,8.0,2.2,5000,1,4,128,6.58,60,3,android,50.0,8.0,1,2408,1080,2600640,401.07946472241093
vivo,Vivo Y55s 5G,19990,1,dimensity,8.0,2.2,6000,1,8,128,6.58,60,2,android,50.0,8.0,0,2408,1080,2600640,401.07946472241093
vivo,Vivo Y71,25000,0,snapdragon,4.0,1.4,3360,0,3,16,6.0,60,1,android,13.0,5.0,1,1440,720,1036800,268.32815729997475
vivo,Vivo Y73 2021,19990,0,helio,8.0,2.05,4000,1,8,128,6.44,60,3,android,64.0,16.0,1,2400,1080,2592000,408.66544471045916
vivo,Vivo Y73T,16990,1,dimensity,8.0,2.0,6000,1,8,128,6.58,60,2,android,50.0,8.0,0,2408,1080,2600640,401.07946472241093
vivo,Vivo Y75 4G,19990,0,helio,8.0,2.05,4050,1,8,128,6.44,60,3,android,50.0,44.0,1,2400,1080,2592000,408.66544471045916
vivo,Vivo Y75 5G,21990,1,dimensity,8.0,2.2,5000,1,8,128,6.58,60,3,android,50.0,16.0,1,2408,1080,2600640,401.07946472241093
vivo,Vivo Y77 5G,17990,1,dimensity,8.0,2.2,4500,1,6,128,6.64,120,2,android,50.0,8.0,1,2388,1080,2579040,394.70889037798105
vivo,Vivo Y78 5G,24990,1,dimensity,8.0,3.0,4500,1,8,128,6.58,90,3,android,50.0,16.0,0,2400,1080,2592000,399.97043524853456
vivo,Vivo Y91c,8199,0,helio,8.0,2.0,4030,0,2,32,6.22,60,1,android,13.0,5.0,1,1520,720,1094400,270.4025214357381
vivo,Vivo Y93,18000,0,helio,8.0,2.0,4030,0,4,32,6.2,60,2,android,13.0,8.0,1,720,1520,1094400,271.27478763391787
vivo,Vivo Y95,15000,0,snapdragon,8.0,1.95,4030,0,4,64,6.22,60,2,android,13.0,20.0,1,720,1520,1094400,270.4025214357381
xiaomi,Xiaomi 11i 5G (8GB RAM + 128GB),24990,1,dimensity,8.0,2.5,5160,1,8,128,6.67,120,3,android,108.0,16.0,1,1080,2400,2592000,394.57353282389164
xiaomi,Xiaomi 11i HyperCharge 5G,24820,1,dimensity,8.0,2.5,4500,1,6,128,6.67,120,3,android,108.0,16.0,1,1080,2400,2592000,394.57353282389164
xiaomi,Xiaomi 11i HyperCharge 5G (8GB RAM + 128GB),26999,1,dimensity,8.0,2.5,4500,1,8,128,6.67,120,3,android,108.0,16.0,1,1080,2400,2592000,394.57353282389164
xiaomi,Xiaomi 11T Pro 5G (12GB RAM + 256GB),38999,1,snapdragon,8.0,2.84,5000,1,12,256,6.67,120,3,android,108.0,16.0,0,2400,1080,2592000,394.57353282389164
xiaomi,Xiaomi 12 Lite 5G,29990,1,snapdragon,8.0,2.4,4300,1,6,128,6.55,120,3,android,108.0,32.0,0,2400,1080,2592000,401.8023609061614
xiaomi,Xiaomi 12 Pro 5G,50990,1,snapdragon,8.0,3.0,4600,1,8,256,6.73,120,3,android,50.0,32.0,0,3200,1440,4608000,521.4077194522747
xiaomi,Xiaomi 12 Pro 5G (12GB RAM + 256GB),51880,1,snapdragon,8.0,3.0,4600,1,12,256,6.73,120,3,android,50.0,32.0,0,3200,1440,4608000,521.4077194522747
xiaomi,Xiaomi 12 Ultra 5G,75999,1,snapdragon,8.0,3.2,4800,1,12,256,6.73,120,3,android,50.0,20.0,0,3200,1440,4608000,521.4077194522747
xiaomi,Xiaomi 12S Ultra,69990,1,snapdragon,8.0,3.2,4860,1,8,256,6.73,120,3,android,50.0,32.0,0,3200,1440,4608000,521.4077194522747
xiaomi,Xiaomi 12T,48990,1,dimensity,8.0,2.85,5000,1,8,128,6.67,120,3,android,108.0,20.0,0,2712,1220,3308640,445.8434858692056
xiaomi,Xiaomi 12T Pro 5G,59990,1,snapdragon,8.0,3.2,5000,1,8,128,6.67,120,3,android,200.0,20.0,0,2712,1220,3308640,445.8434858692056
xiaomi,Xiaomi 13 5G,46990,1,snapdragon,8.0,3.2,4500,1,8,128,6.36,120,3,android,50.0,32.0,0,2400,1080,2592000,413.80589055587376
xiaomi,Xiaomi 13 Pro 5G,58990,1,snapdragon,8.0,3.2,4820,1,8,128,6.73,120,3,android,50.3,32.0,0,3200,1440,4608000,521.4077194522747
xiaomi,Xiaomi 13 Ultra 5G,71999,1,snapdragon,8.0,3.2,5000,1,12,256,6.6,120,4,android,108.0,32.0,0,3200,1440,4608000,531.6778715020923
xiaomi,Xiaomi 14,54999,1,snapdragon,8.0,3.2,5000,1,12,256,6.43,120,3,android,50.0,32.0,0,3200,1440,4608000,545.7346737035473
xiaomi,Xiaomi Civi 2,29999,1,snapdragon,8.0,2.4,4500,1,8,128,6.55,120,3,android,50.0,32.0,0,2400,1080,2592000,401.8023609061614
xiaomi,Xiaomi Civi 3,32990,1,dimensity,8.0,3.1,5000,1,8,256,6.7,120,3,android,64.0,32.0,0,2400,1080,2592000,392.8067856619936
xiaomi,Xiaomi Mi 10 5G (8GB RAM + 256GB),54999,1,snapdragon,8.0,2.84,4780,1,8,256,6.67,90,4,android,108.0,20.0,0,2340,1080,2527200,386.38797472110105
xiaomi,Xiaomi Mi 10T 5G,23500,1,snapdragon,8.0,2.84,5000,1,6,128,6.67,144,3,android,64.0,20.0,0,1080,2400,2592000,394.57353282389164
xiaomi,Xiaomi Mi 10T Pro 5G,29999,1,snapdragon,8.0,2.84,5000,1,8,128,6.67,144,3,android,108.0,20.0,0,2400,1080,2592000,394.57353282389164
xiaomi,Xiaomi Mi 11 Lite (8GB RAM + 128GB),18699,0,snapdragon,8.0,2.3,4250,1,8,128,6.55,90,3,android,64.0,16.0,1,2400,1080,2592000,401.8023609061614
xiaomi,Xiaomi Mi 11 Lite NE 5G,21890,1,snapdragon,8.0,2.4,4250,1,6,128,6.55,90,3,android,64.0,20.0,1,2400,1080,2592000,401.8023609061614
xiaomi,Xiaomi Mi 11 Lite NE 5G (8GB RAM + 128GB),22999,1,snapdragon,8.0,2.4,4250,1,8,128,6.55,90,3,android,64.0,20.0,1,2400,1080,2592000,401.8023609061614
xiaomi,Xiaomi Mi 11i 5G,23499,1,dimensity,8.0,2.5,5160,1,6,128,6.67,120,3,android,108.0,16.0,1,1080,2400,2592000,394.57353282389164
xiaomi,Xiaomi Mi 11T Pro 5G,34990,1,snapdragon,8.0,2.84,5000,1,8,128,6.67,120,3,android,108.0,16.0,0,2400,1080,2592000,394.57353282389164
xiaomi,Xiaomi Mi 11X,23890,1,snapdragon,8.0,3.2,4520,1,6,128,6.67,120,3,android,48.0,20.0,0,2400,1080,2592000,394.57353282389164
xiaomi,Xiaomi Mi 11X 5G (8GB RAM + 128GB),25990,1,snapdragon,8.0,3.2,4520,1,8,128,6.67,120,3,android,48.0,20.0,0,2400,1080,2592000,394.57353282389164
xiaomi,Xiaomi Mi 11X Pro,30990,1,snapdragon,8.0,2.84,4520,1,8,128,6.67,120,3,android,108.0,20.0,0,2400,1080,2592000,394.57353282389164
xiaomi,Xiaomi Mi 12 5G,42990,1,snapdragon,8.0,3.0,4500,1,8,128,6.28,120,3,android,50.0,32.0,0,2400,1080,2592000,419.0773031744199
xiaomi,Xiaomi Mi Mix Alpha,199990,1,snapdragon,8.0,2.96,4050,1,12,512,7.92,60,3,android,108.0,,0,2250,2088,4698000,387.5716409381679
xiaomi,Xiaomi Mi Mix Fold,109990,1,snapdragon,8.0,2.84,5020,1,12,256,8.01,90,3,android,108.0,20.0,0,2480,1860,4612800,387.01622971285894
xiaomi,Xiaomi Mix Fold 2 5G,106990,1,snapdragon,8.0,3.2,4500,1,12,256,8.02,120,3,android,50.0,20.0,0,2160,1914,4134240,359.8503740648379
xiaomi,Xiaomi Poco F1,11999,0,snapdragon,8.0,2.8,4000,1,6,64,6.18,60,2,android,12.0,20.0,1,2246,1080,2425680,403.26390633779283
xiaomi,Xiaomi Poco F1 (6GB RAM + 128GB),12999,0,snapdragon,8.0,2.8,4000,1,6,128,6.18,60,2,android,12.0,20.0,1,2246,1080,2425680,403.26390633779283
xiaomi,Xiaomi Redmi 10,9589,0,snapdragon,8.0,2.4,6000,1,4,64,6.7,60,2,android,50.0,5.0,1,1600,720,1152000,261.871190441329
xiaomi,Xiaomi Redmi 10 (6GB RAM + 128GB),11999,0,snapdragon,8.0,2.4,6000,1,6,128,6.7,60,2,android,50.0,5.0,1,1600,720,1152000,261.871190441329
xiaomi,Xiaomi Redmi 10 Power,11999,0,snapdragon,8.0,2.4,6000,1,8,128,6.7,60,2,android,50.0,5.0,1,1650,720,1188000,268.6940272598955
xiaomi,Xiaomi Redmi 10 Prime,12390,0,helio,8.0,2.0,6000,1,4,64,6.5,90,4,android,50.0,8.0,1,2400,1080,2592000,404.89314829774725
xiaomi,Xiaomi Redmi 10 Prime (6GB RAM + 128GB),12999,0,helio,8.0,2.0,6000,1,6,128,6.5,90,4,android,50.0,8.0,1,2400,1080,2592000,404.89314829774725
xiaomi,Xiaomi Redmi 10 Prime Plus 5G,13990,1,dimensity,8.0,2.2,5000,1,4,128,6.58,90,2,android,50.0,5.0,0,2408,1080,2600640,401.07946472241093
xiaomi,Xiaomi Redmi 10A,7499,0,helio,8.0,2.0,5000,0,3,32,6.53,60,1,android,13.0,5.0,1,1600,720,1152000,268.68866400565156
xiaomi,Xiaomi Redmi 10A (4GB RAM + 64GB),8388,0,helio,8.0,2.0,5000,0,4,64,6.53,60,1,android,13.0,5.0,1,1600,720,1152000,268.68866400565156
xiaomi,Xiaomi Redmi 10A (6GB RAM + 128GB),10850,0,helio,8.0,2.0,5000,0,6,128,6.53,60,1,android,13.0,5.0,1,1600,720,1152000,268.68866400565156
xiaomi,Xiaomi Redmi 10A Sport,9999,0,helio,8.0,2.0,5000,0,6,128,6.53,60,1,android,13.0,5.0,1,1600,720,1152000,268.68866400565156
xiaomi,Xiaomi Redmi 10C,13990,0,snapdragon,8.0,2.4,6000,1,4,64,6.7,60,2,android,50.0,5.0,1,1600,720,1152000,261.871190441329
xiaomi,Xiaomi Redmi 10C (4GB RAM + 128GB),14990,0,snapdragon,8.0,2.4,6000,1,4,128,6.7,60,2,android,50.0,5.0,1,1600,720,1152000,261.871190441329
xiaomi,Xiaomi Redmi 11 Prime,11600,0,helio,8.0,2.2,5000,1,4,64,6.58,90,3,android,50.0,8.0,1,2400,1080,2592000,399.97043524853456
xiaomi,Xiaomi Redmi 11 Prime (6GB RAM + 128GB),13774,0,helio,8.0,2.2,5000,1,6,128,6.58,90,3,android,50.0,8.0,1,2400,1080,2592000,399.97043524853456
xiaomi,Xiaomi Redmi 11 Prime 5G,13466,1,dimensity,8.0,2.2,5000,1,4,64,6.58,90,2,android,50.0,5.0,1,2408,1080,2600640,401.07946472241093
xiaomi,Xiaomi Redmi 11 Prime 5G (6GB RAM + 128GB),15990,1,dimensity,8.0,2.2,5000,1,6,128,6.58,90,2,android,50.0,5.0,1,2408,1080,2600640,401.07946472241093
xiaomi,Xiaomi Redmi 13 Prime 5G,17990,1,snapdragon,8.0,2.0,5100,1,6,128,6.73,120,2,android,64.0,16.0,1,2408,1080,2600640,392.1401007241402
xiaomi,Xiaomi Redmi 20X,10990,1,dimensity,8.0,2.2,5000,1,4,128,6.43,90,4,android,48.0,13.0,1,2340,1080,2527200,400.80992090042673
xiaomi,Xiaomi Redmi 8 (4GB RAM + 64GB),11490,0,snapdragon,8.0,2.0,5000,1,4,64,6.22,60,2,android,12.0,8.0,1,1520,720,1094400,270.4025214357381
xiaomi,Xiaomi Redmi 9,8999,0,helio,8.0,2.3,5000,0,4,64,6.53,60,2,android,13.0,5.0,1,1600,720,1152000,268.68866400565156
xiaomi,Xiaomi Redmi 9 Activ,7499,0,helio,8.0,2.3,5000,0,4,64,6.53,60,2,android,13.0,5.0,1,1600,720,1152000,268.68866400565156
xiaomi,Xiaomi Redmi 9 Activ (6GB RAM + 128GB),10499,0,helio,8.0,2.3,5000,0,6,128,6.53,60,2,android,13.0,5.0,1,1600,720,1152000,268.68866400565156
xiaomi,Xiaomi Redmi 9 Power,11499,0,snapdragon,8.0,2.0,6000,1,4,64,6.53,60,4,android,48.0,8.0,1,2340,1080,2527200,394.6719435512624
xiaomi,Xiaomi Redmi 9A,6999,0,helio,8.0,2.0,5000,0,2,32,6.53,60,1,android,13.0,5.0,1,1600,720,1152000,268.68866400565156
xiaomi,Xiaomi Redmi 9A (6GB RAM + 128GB),10990,0,helio,8.0,2.0,5000,0,6,128,6.53,60,1,android,13.0,5.0,1,1600,720,1152000,268.68866400565156
xiaomi,Xiaomi Redmi 9A Sport,6499,0,helio,8.0,2.0,5000,0,2,32,6.53,60,1,android,13.0,5.0,1,1600,720,1152000,268.68866400565156
xiaomi,Xiaomi Redmi 9i (4GB RAM + 128GB),9299,0,helio,8.0,2.0,5000,1,4,128,6.53,60,1,android,13.0,5.0,1,1600,720,1152000,268.68866400565156
xiaomi,Xiaomi Redmi 9i Sport,7499,0,helio,8.0,2.0,5000,1,4,64,6.53,60,1,android,13.0,5.0,1,1600,720,1152000,268.68866400565156
xiaomi,Xiaomi Redmi A1,6171,0,helio,4.0,2.0,5000,1,2,32,6.52,60,2,android,8.0,5.0,1,1600,720,1152000,269.1007631835743
xiaomi,Xiaomi Redmi A1 Plus,7289,0,helio,4.0,2.0,5000,1,2,32,6.52,60,2,android,8.0,5.0,1,1600,720,1152000,269.1007631835743
xiaomi,Xiaomi Redmi A1 Plus (3GB RAM + 32GB),8399,0,helio,4.0,2.0,5000,1,3,32,6.52,60,2,android,8.0,5.0,1,1600,720,1152000,269.1007631835743
xiaomi,Xiaomi Redmi K20 Pro Signature Edition,480000,0,snapdragon,8.0,2.8,4000,1,8,256,6.39,60,3,android,48.0,20.0,0,2340,1080,2527200,403.31890319088325
xiaomi,Xiaomi Redmi K50 5G,27990,1,dimensity,8.0,2.85,5500,1,8,128,6.67,120,3,android,48.0,20.0,0,3200,1440,4608000,526.0980437651888
xiaomi,Xiaomi Redmi K50 Ultra 5G,39999,1,snapdragon,8.0,3.2,5000,1,8,128,6.67,144,3,android,108.0,20.0,0,2712,1220,3308640,445.8434858692056
xiaomi,Xiaomi Redmi K50i (8GB RAM + 256GB),25999,1,dimensity,8.0,2.85,5080,1,8,256,6.6,144,3,android,64.0,16.0,0,2460,1080,2656800,407.0656941316021
xiaomi,Xiaomi Redmi K50i 5G,22999,1,dimensity,8.0,2.85,5080,1,6,128,6.6,144,3,android,64.0,16.0,0,2460,1080,2656800,407.0656941316021
xiaomi,Xiaomi Redmi K60,29990,1,snapdragon,8.0,3.2,5500,1,8,128,6.67,120,3,android,64.0,16.0,0,3200,1440,4608000,526.0980437651888
xiaomi,Xiaomi Redmi K60 Gaming Edition,54990,1,snapdragon,8.0,3.2,5000,1,8,128,6.73,120,3,android,50.0,20.0,0,3200,1440,4608000,521.4077194522747
xiaomi,Xiaomi Redmi K60 Pro,38999,1,snapdragon,8.0,3.2,5000,1,8,128,6.67,120,3,android,54.0,16.0,0,3200,1440,4608000,526.0980437651888
xiaomi,Xiaomi Redmi K60E,25999,1,dimensity,8.0,3.1,5500,1,8,128,6.67,120,3,android,48.0,20.0,0,3200,1440,4608000,526.0980437651888
xiaomi,Xiaomi Redmi K60i,28999,1,dimensity,8.0,3.1,5080,1,8,128,6.67,120,3,android,50.0,32.0,0,2460,1080,2656800,402.79364037010095
xiaomi,Xiaomi Redmi Note 10,13990,0,snapdragon,8.0,2.2,5000,1,4,64,6.43,60,4,android,48.0,13.0,1,2400,1080,2592000,409.3010052776606
xiaomi,Xiaomi Redmi Note 10 (6GB RAM + 128GB),16499,0,snapdragon,8.0,2.2,5000,1,6,128,6.43,60,4,android,48.0,13.0,1,2400,1080,2592000,409.3010052776606
xiaomi,Xiaomi Redmi Note 10 5G,12490,1,dimensity,8.0,2.2,5000,1,4,128,6.5,90,3,android,48.0,8.0,1,2400,1080,2592000,404.89314829774725
xiaomi,Xiaomi Redmi Note 10 Lite,9999,0,snapdragon,8.0,2.3,5020,1,4,64,6.67,60,4,android,48.0,16.0,1,2400,1080,2592000,394.57353282389164
xiaomi,Xiaomi Redmi Note 10 Lite (4GB RAM + 128GB),12499,0,snapdragon,8.0,2.3,5020,1,4,128,6.67,60,4,android,48.0,16.0,1,2400,1080,2592000,394.57353282389164
xiaomi,Xiaomi Redmi Note 10 Lite (6GB RAM + 128GB),11999,0,snapdragon,8.0,2.3,5020,1,6,128,6.67,60,4,android,48.0,16.0,1,2400,1080,2592000,394.57353282389164
xiaomi,Xiaomi Redmi Note 10 Pro (6GB RAM + 128GB),17999,0,snapdragon,8.0,2.3,5020,1,6,128,6.67,120,4,android,64.0,16.0,1,2400,1080,2592000,394.57353282389164
xiaomi,Xiaomi Redmi Note 10 Pro 5G,16999,1,dimensity,8.0,2.6,5000,1,6,128,6.6,120,3,android,64.0,16.0,1,2400,1080,2592000,398.7584036265693
xiaomi,Xiaomi Redmi Note 10 Pro Max,19999,0,snapdragon,8.0,2.3,5020,1,6,64,6.67,120,4,android,108.0,16.0,1,2400,1080,2592000,394.57353282389164
xiaomi,Xiaomi Redmi Note 10 Pro Max (6GB RAM + 128GB),19980,0,snapdragon,8.0,2.3,5020,1,6,128,6.67,120,4,android,108.0,16.0,1,2400,1080,2592000,394.57353282389164
xiaomi,Xiaomi Redmi Note 10S,10999,0,helio,8.0,2.05,5000,1,6,64,6.43,60,4,android,64.0,13.0,1,2400,1080,2592000,409.3010052776606
xiaomi,Xiaomi Redmi Note 10S (6GB RAM + 128GB),11999,0,helio,8.0,2.05,5000,1,6,128,6.43,60,4,android,64.0,13.0,1,2400,1080,2592000,409.3010052776606
xiaomi,Xiaomi Redmi Note 10S (8GB RAM + 128GB),13999,0,helio,8.0,2.05,5000,1,8,128,6.43,60,4,android,64.0,13.0,1,2400,1080,2592000,409.3010052776606
xiaomi,Xiaomi Redmi Note 10T 5G,12999,1,dimensity,8.0,2.2,5000,1,4,64,6.5,90,3,android,48.0,8.0,1,2400,1080,2592000,404.89314829774725
xiaomi,Xiaomi Redmi Note 10T 5G (6GB RAM +128GB),13999,1,dimensity,8.0,2.2,5000,1,6,128,6.5,90,3,android,48.0,8.0,1,2400,1080,2592000,404.89314829774725
xiaomi,Xiaomi Redmi Note 11,11936,0,snapdragon,8.0,2.4,5000,1,4,64,6.43,90,4,android,50.0,13.0,1,2400,1080,2592000,409.3010052776606
xiaomi,Xiaomi Redmi Note 11 (6GB RAM + 128GB),14290,0,snapdragon,8.0,2.4,5000,1,6,128,6.43,90,4,android,50.0,13.0,1,2400,1080,2592000,409.3010052776606
xiaomi,Xiaomi Redmi Note 11 (6GB RAM + 64GB),12188,0,snapdragon,8.0,2.4,5000,1,6,64,6.43,90,4,android,50.0,13.0,1,2400,1080,2592000,409.3010052776606
xiaomi,Xiaomi Redmi Note 11 5G,14990,1,dimensity,8.0,2.4,5000,1,4,128,6.6,90,2,android,50.0,16.0,1,2400,1080,2592000,398.7584036265693
xiaomi,Xiaomi Redmi Note 11 Pro 4G,17999,0,helio,8.0,2.05,5000,1,6,128,6.67,120,4,android,108.0,16.0,1,2400,1080,2592000,394.57353282389164
xiaomi,Xiaomi Redmi Note 11 Pro 5G,17990,1,snapdragon,8.0,2.2,5000,1,6,64,6.67,120,3,android,108.0,16.0,1,2400,1080,2592000,394.57353282389164
xiaomi,Xiaomi Redmi Note 11 Pro Max 5G,19999,1,snapdragon,8.0,2.4,5200,1,6,128,6.67,120,4,android,108.0,32.0,1,2400,1080,2592000,394.57353282389164
xiaomi,Xiaomi Redmi Note 11 Pro Plus 5G,19999,1,snapdragon,8.0,2.2,5000,1,6,128,6.67,120,3,android,108.0,16.0,1,2400,1080,2592000,394.57353282389164
xiaomi,Xiaomi Redmi Note 11 Pro Plus 5G (8GB RAM + 128GB),22700,1,snapdragon,8.0,2.2,5000,1,8,128,6.67,120,3,android,108.0,16.0,1,2400,1080,2592000,394.57353282389164
xiaomi,Xiaomi Redmi Note 11 Pro Plus 5G (8GB RAM + 256GB),22999,1,snapdragon,8.0,2.2,5000,1,8,256,6.67,120,3,android,108.0,16.0,1,2400,1080,2592000,394.57353282389164
xiaomi,Xiaomi Redmi Note 11E 5G,13990,1,dimensity,8.0,2.2,5000,1,4,128,6.58,90,2,android,50.0,5.0,0,2408,1080,2600640,401.07946472241093
xiaomi,Xiaomi Redmi Note 11R,12990,1,dimensity,8.0,2.2,5000,1,4,128,6.58,90,2,android,13.0,5.0,1,2400,1080,2592000,399.97043524853456
xiaomi,Xiaomi Redmi Note 11S,14590,0,helio,8.0,2.05,5000,1,6,64,6.43,90,4,android,108.0,16.0,1,2400,1080,2592000,409.3010052776606
xiaomi,Xiaomi Redmi Note 11S (6GB RAM + 128GB),15499,0,helio,8.0,2.05,5000,1,6,128,6.43,90,4,android,108.0,16.0,1,2400,1080,2592000,409.3010052776606
xiaomi,Xiaomi Redmi Note 11S (8GB RAM + 128GB),15824,0,helio,8.0,2.05,5000,1,8,128,6.43,90,4,android,108.0,16.0,1,2400,1080,2592000,409.3010052776606
xiaomi,Xiaomi Redmi Note 11SE,11999,0,helio,8.0,2.05,5000,1,6,64,6.43,60,4,android,64.0,13.0,1,2400,1080,2592000,409.3010052776606
xiaomi,Xiaomi Redmi Note 11T 5G,16999,1,dimensity,8.0,2.4,5000,1,6,64,6.6,90,2,android,50.0,16.0,1,2400,1080,2592000,398.7584036265693
xiaomi,Xiaomi Redmi Note 11T 5G (6GB RAM + 128GB),16999,1,dimensity,8.0,2.4,5000,1,6,128,6.6,90,2,android,50.0,16.0,1,2400,1080,2592000,398.7584036265693
xiaomi,Xiaomi Redmi Note 11T 5G (8GB RAM + 128GB),18499,1,dimensity,8.0,2.4,5000,1,8,128,6.6,90,2,android,50.0,16.0,1,2400,1080,2592000,398.7584036265693
xiaomi,Xiaomi Redmi Note 11T Pro 5G,19990,1,dimensity,8.0,2.85,5080,1,6,128,6.6,144,3,android,64.0,16.0,1,2460,1080,2656800,407.0656941316021
xiaomi,Xiaomi Redmi Note 12,17859,1,snapdragon,8.0,2.0,5000,1,4,128,6.67,120,3,android,48.0,13.0,1,2400,1080,2592000,394.57353282389164
xiaomi,Xiaomi Redmi Note 12 (6GB RAM + 128GB),19988,1,snapdragon,8.0,2.0,5000,1,6,128,6.67,120,3,android,48.0,13.0,1,2400,1080,2592000,394.57353282389164
xiaomi,Xiaomi Redmi Note 12 4G,13999,0,helio,8.0,2.2,5000,1,4,64,6.67,120,3,android,48.0,13.0,1,2400,1080,2592000,394.57353282389164
xiaomi,Xiaomi Redmi Note 12 Discovery Edition,26990,1,dimensity,8.0,2.6,4300,1,8,256,6.67,120,3,android,200.0,16.0,0,2400,1080,2592000,394.57353282389164
xiaomi,Xiaomi Redmi Note 12 Explorer,24999,1,dimensity,8.0,2.6,4300,1,8,256,6.67,120,3,android,200.0,16.0,1,2400,1080,2592000,394.57353282389164
xiaomi,Xiaomi Redmi Note 12 Pro (8GB RAM + 128GB),26999,1,dimensity,8.0,2.6,5000,1,8,128,6.67,120,3,android,50.0,16.0,0,2400,1080,2592000,394.57353282389164
xiaomi,Xiaomi Redmi Note 12 Pro (8GB RAM + 256GB),27994,1,dimensity,8.0,2.6,5000,1,8,256,6.67,120,3,android,50.0,16.0,0,2400,1080,2592000,394.57353282389164
xiaomi,Xiaomi Redmi Note 12 Pro 4G,14999,0,snapdragon,8.0,2.3,5000,1,6,128,6.67,120,3,android,50.0,16.0,0,2400,1080,2592000,394.57353282389164
xiaomi,Xiaomi Redmi Note 12 Pro 5G,24762,1,dimensity,8.0,2.6,5000,1,6,128,6.67,120,3,android,50.0,16.0,0,2400,1080,2592000,394.57353282389164
xiaomi,Xiaomi Redmi Note 12 Pro Max 5G,32999,1,snapdragon,8.0,2.36,5200,1,6,128,6.67,120,4,android,108.0,32.0,1,2460,1080,2656800,402.79364037010095
xiaomi,Xiaomi Redmi Note 12 Pro Plus,29999,1,dimensity,8.0,2.6,4980,1,8,256,6.67,120,3,android,200.0,16.0,0,2400,1080,2592000,394.57353282389164
xiaomi,Xiaomi Redmi Note 12 Pro Plus (12GB RAM + 256GB),32999,1,dimensity,8.0,2.6,4980,1,12,256,6.67,120,3,android,200.0,16.0,0,2400,1080,2592000,394.57353282389164
xiaomi,Xiaomi Redmi Note 12 Pro Plus (6GB RAM + 128GB),26999,1,dimensity,8.0,2.6,4980,1,6,128,6.67,120,3,android,200.0,16.0,0,2400,1080,2592000,394.57353282389164
xiaomi,Xiaomi Redmi Note 12 Turbo,19999,1,snapdragon,8.0,2.4,5000,1,8,128,6.67,120,3,android,50.0,16.0,0,2400,1080,2592000,394.57353282389164
xiaomi,Xiaomi Redmi Note 12T 5G,15999,1,dimensity,8.0,2.0,5000,1,6,64,6.52,90,3,android,64.0,16.0,1,2400,1080,2592000,403.65114477536156
xiaomi,Xiaomi Redmi Note 13 Pro 5G,17990,1,dimensity,8.0,2.0,5000,1,6,128,6.67,120,3,android,108.0,16.0,0,2460,1080,2656800,402.79364037010095
xiaomi,Xiaomi Redmi Note 13 Pro Max 5G,20499,1,snapdragon,8.0,2.36,5200,1,6,128,6.67,120,4,android,108.0,32.0,1,2460,1080,2656800,402.79364037010095
xiaomi,Xiaomi Redmi Note 4,10300,0,snapdragon,8.0,2.0,4100,0,4,64,5.5,60,1,android,13.0,5.0,1,1920,1080,2073600,400.52857637859967
xiaomi,Xiaomi Redmi Note 8 2021,9990,0,helio,8.0,2.0,4000,1,4,64,6.3,60,4,android,48.0,13.0,1,2340,1080,2527200,409.08060180789585
xiaomi,Xiaomi Redmi Note 8 Pro,16999,0,helio,8.0,2.05,4500,1,6,64,6.53,60,4,android,64.0,20.0,1,2340,1080,2527200,394.6719435512624
xiaomi,Xiaomi Redmi Note 9,11989,0,helio,8.0,2.0,5020,1,4,64,6.53,60,4,android,48.0,13.0,1,2340,1080,2527200,394.6719435512624
xiaomi,Xiaomi Redmi Note 9 Pro,13999,0,snapdragon,8.0,2.3,5020,1,4,64,6.67,60,4,android,48.0,16.0,1,2400,1080,2592000,394.57353282389164
xiaomi,Xiaomi Redmi Note 9 Pro (4GB RAM + 128GB),14439,0,snapdragon,8.0,2.3,5020,1,4,128,6.67,60,4,android,48.0,16.0,1,2400,1080,2592000,394.57353282389164
xiaomi,Xiaomi Redmi Note 9 Pro Max,16490,0,snapdragon,8.0,2.3,5020,1,6,64,6.67,60,4,android,64.0,32.0,1,2400,1080,2592000,394.57353282389164
